sku,name,active,variants,variantType,variantName,price,discountedPrice,purchasePrice,quantity,shippingWt,minQuanity,maxQuantity,productDescription,hsnCode,gst,color,keywords,out_of_stock
CK0038,Dark chocolate cake and Flowers,NO,NO,variant,,2899,2899,0,10,0,1,10,"<p>1kg</p>
",,,,,NO
CK0036,Blackforest cake and Chocolates and flowers,NO,NO,variant,,2699,2699,0,10,0,,,"<p>1kg</p>
",,,,,NO
CK0035,vanilla cake- chocolates ,NO,NO,variant,,1199,1199,0,10,0,,,"<p>1kg</p>
",,,,,NO
CK0034,cake and Chocolates,NO,NO,variant,,1499,1499,0,10,0,,,"<p>1kg</p>
",,,,,NO
CK0033,Chocolate cake And Bamboo,NO,NO,variant,,899,899,0,10,0,,,"<p>1kg</p>
",,,,,NO
CK0032,Red Roses And Chocolate cake,NO,NO,variant,,1249,1249,0,10,0,,,"<p>1kg</p>
",,,,,NO
CK0031,Red Velvet Anniversary cake,NO,NO,variant,,949,949,0,10,0,,,"<p>1kg</p>
",,,,,NO
CK0030,Avengers Vanilla Photo cake,NO,NO,variant,,1449,1449,0,10,0,,,"<p>1kg</p>
",,,,,NO
CK0029,Photo cake For Kid,YES,NO,other,,799,799,0,10,0,1,10,"<p>good product</p>
",,,,,NO
CK0028,Spiderman Vanilla Photo cake,YES,NO,other,,749,749,0,10,0,1,10,"<p>1kg</p>
",,,,,NO
CK0027,Pubg Photo cake,YES,NO,other,,749,749,0,10,0,1,10,"<p>1kg</p>
",,,,,NO
CK0026,Couple Photo cake,YES,NO,other,,799,799,0,10,0,1,10,"<p>1kg</p>
",,,,,NO
CK0024,Ben 10 Photo cake,YES,NO,other,,749,749,0,10,0,1,10,"<p>1kg&nbsp;</p>
",,,,,NO
CK0023,Kitkat Photo cake,YES,NO,other,,2499,2499,0,10,0,1,10,"<p>1kg</p>
",,,,,NO
CK0022,Heart Shape Photo cake,YES,NO,other,,1549,1549,0,10,0,1,10,"<p>1kg</p>
",,,,,NO
CK0021,Fruit cake,NO,NO,variant,,999,999,0,10,0,1,10,"<p>good product</p>
",,,,"eggless cake,cake",NO
CK0020,Chocolate Truffle cake,NO,NO,variant,,699,699,0,10,0,1,10,"<p>1 kg</p>
",,,,"cake,eggless cake",NO
CK0019,Strawberry Vanilla Heart Shape cake,NO,NO,variant,,799,799,0,10,0,1,10,"<p>good product</p>
",,,,cake,NO
CK0018,Butterscotch cake,NO,NO,variant,,699,699,0,10,0,1,10,"<p>1kg</p>
",,,,cake,NO
CK0017,Choco Vanilla Fusion cake,NO,NO,variant,,899,899,0,10,0,1,10,"<p>1kg</p>
",,,,cake,NO
CK0016,Choco Vanilla cake,NO,NO,variant,,799,799,0,10,0,1,10,"<p>good product</p>
",,,,,NO
CK0015,Butter Scotch cake,NO,NO,variant,,599,599,0,10,0,1,10,"<p>1kg</p>
",,,,cake,NO
CK0014,Pineapple cake,NO,NO,variant,,599,599,0,10,0,1,10,"<p>1 kg</p>
",,,,cake,NO
CK0013,Black Forest cake,NO,NO,variant,,599,599,0,10,0,1,10,"<p>good product</p>
",,,,,NO
BK049,"Classmate Notebook - A4, Ruled, Single Line 240PAGES",YES,NO,variant,,80,80,80,10,0,1,10,"<p>goog quality</p>
",,,,,NO
BK048,Stapler Pin Pack - 24/6 20 pcs,YES,NO,variant,,340,340,340,10,0,1,10,"<p>good product</p>
",,,,,NO
BK047,"Tape - Transparent, 5K, 2 inches",YES,NO,variant,,15,15,15,1,0,1,10,"<p>nice product</p>
",,,,,NO
BK046,Kores Glue Stick Non Toxic - Big,YES,NO,variant,,30,30,30,10,0,1,10,"<p>nice product</p>
",,,,,NO
BK045,Sketch Pen - Assorted Set,YES,NO,variant,,30,29,29,10,0,1,10,"<p>nice product</p>
",,,,,NO
BK044,"Doms Colour Pencil box - 12 Colours, 12 pcs",YES,NO,variant,,50,50,50,10,0,1,10,"<p>nice product</p>
",,,,,NO
BK043,"Cello Ball Pen - Blue, Benz, 1 pc",YES,NO,variant,,45,45,45,10,0,1,10,"<p>good product</p>
",,,,,NO
BK042,"Classmate Notebook - A4, Unruled, 140 Pages",YES,NO,variant,,69,69,69,1,0,1,10,"<p>nice product</p>
",,,,,NO
BK041,"Cello Techno Tip Ballpoint Pens Blue, 10 pcs",YES,NO,variant,,100,100,100,1,0,1,10,"<p>good quality</p>
",,,,,NO
BK0102,"Camlin DVD OHP marker, 5pcs",YES,NO,variant,,100,100,100,10,0,1,10,"<p>good product</p>
",,,,,NO
BK040,Luxor CD/DVD/OHP Marker Pen 1PC,YES,NO,variant,,60,60,60,10,0,1,10,"<p>nice&nbsp; product&nbsp;</p>
",,,,,NO
BK039,Techno Tip Ballpoint Pens Black 10PCS,YES,NO,variant,,115,115,115,10,0,1,10,"<p>good product</p>
",,,,,NO
BK038,Ball Pen - Brite Black5 pcs,YES,NO,variant,,29,29,29,10,0,1,10,"<p>good product</p>
",,,,,NO
BK037,"Ballpoint Pen - Black, Pinpoint 10 pcs",YES,NO,variant,,99,99,99,10,0,1,10,"<p>good product</p>
",,,,,NO
BK036,Fingergrip Ball Pen Black5 pcs,YES,NO,variant,,50,50,50,10,0,1,10,"<p>good product</p>
",,,,,NO
BK035,Permanent Marker - Black 1PC,YES,NO,variant,,25,25,25,10,0,1,10,"<p>good product</p>
",,,,,NO
BK034,Platinum Extra Dark Pencils,YES,NO,variant,,60,60,60,10,0,1,10,"<p>good product</p>
",,,,,NO
BK033,"Rubber Bands - Nylon, Assorted Colour, 1 inch",YES,NO,variant,,19,19,19,10,0,1,10,"<p>good product</p>
",,,,,NO
BK032,Stapler 10,YES,NO,variant,,50,50,50,10,0,1,10,"<p>good product</p>
",,,,,NO
BK031,Camel Scholar Mathematical Drawing Instruments,YES,NO,variant,,119,119,119,10,0,1,10,"<p>good product</p>
",,,,,NO
BK030,"Classmate Scale - Plastic, 30 Cm SET OF 5",YES,NO,variant,,90,90,90,10,0,1,10,"<p>good product</p>
",,,,,NO
BK029,Apsara Eraser - White,YES,NO,variant,,6,6,6,10,0,1,10,"<p>good product</p>
",,,,,NO
BK028,"Cello Ball Pen - Black, Paper Soft, 1 pc",YES,NO,variant,,20,20,20,10,0,1,10,"<p>nice product</p>
",,,,,NO
BK027,luxor chisel colour markers set,YES,NO,variant,,129,129,129,10,0,1,10,"<p>good product</p>
",,,,,NO
BK024,SNDIA 5-PACK Multicolor Mesh Zippered Pen Pencil Case & Travel Pouch (24 X 12 cm),YES,NO,variant,,399,399,399,10,0,1,10,"<p>nice product</p>
",,,,,NO
BK025,GOLD LEAF Printed Tape Small Handheld Designed Art & Craft Tape Assorted Designs (Set Of 100),YES,NO,variant,,599,599,599,10,0,1,10,"<p>nice product</p>
",,,,,NO
BK023,liberty fs size white long note book 180pgs,YES,NO,variant,,100,100,100,10,0,1,10,"<p>good product</p>
",,,,,NO
BK022,liberty FS size book 200pgs,YES,NO,variant,,149,149,149,10,0,1,10,"<p>nice product</p>
",,,,,NO
BK021,cello chisel colour marker set,YES,NO,variant,,120,120,120,10,0,1,10,"<p>good product</p>
",,,,,NO
BK020,iDream 180 Pages Sticker Mini Animal Sticky Notes Four Fold Memo Pad School Stationery Supplies,YES,NO,variant,,299,299,299,10,0,1,10,"<p>nice product</p>
",,,,,NO
BK019,Pilot Hi-Techpoint 05 - 2Blue + 1Black,YES,NO,variant,,119,119,119,10,0,1,10,"<p>nice product</p>
",,,,,NO
BK018,Faber-Castell Textliner - Pack of 5 (Assorted),YES,NO,variant,,100,100,100,10,0,1,10,"<p>good product</p>
",,,,,NO
BK017,Apsara Art Kit,YES,NO,variant,,199,199,199,10,0,1,10,"<p>good product</p>
",,,,,NO
BK016,Staedtler Triangular Ball Pen (Set Of 10 Colours),YES,NO,variant,,299,299,299,10,0,1,10,"<p>nice product</p>
",,,,,NO
BK015,pen pouches,YES,NO,variant,,30,30,30,10,0,1,10,"<p>good product</p>
",,,,,NO
BK014,"Pindia Color Sheet Set, A4 Size - Pack of 100 Sheets (Multicolor)",YES,NO,variant,,300,300,300,10,0,1,10,"<p>good product</p>
",,,,,NO
BK013,Apsara Marvel Avengers Extra Dark Pencils - Pack of 10 4.1 out of 5 stars 112,YES,NO,variant,,100,100,100,10,0,1,10,"<p>nice product</p>
",,,,,NO
BK012,mvr white long note 120pgs,YES,NO,variant,,50,50,50,10,0,1,10,"<p>Good product</p>
",,,,,NO
BK011,pen pouches plain,YES,NO,variant,,29,29,29,10,0,1,10,"<p>good product</p>
",,,,,NO
BK010,Apsara Scholars Kit,YES,NO,variant,,199,199,199,10,0,1,10,"<p>good&nbsp; product</p>
",,,,,NO
BK009,"Kabeer Art Sticky Notes & Page Markers Binder Pack, 250 Assorted Size Notes, 125 Page Markers, 25 X 19 cm, Assorted Colors 3.1 out of 5 stars 41",YES,NO,variant,,300,300,300,10,0,1,10,"<p>good product</p>
",,,,,NO
RY0174,arun ice cream REGULAR chocolate,YES,NO,variant,,30,30,30,10,0,1,10,"<p>good product</p>
",,,,,NO
RY0171,Dilpasand full round piece,YES,NO,variant,,65,65,65,10,0,1,10,"<p>good product</p>
",,,,,NO
RY0169,Sweet bun 1pc,YES,NO,variant,,20,20,20,10,0,1,10,"<p>good&nbsp; product</p>
",,,,,NO
RY0168,"kwality walls Frozen Dessert - Kesar Pista, Party Pack700 ml",YES,NO,variant,,159,159,159,9,0,1,10,"<p>good product</p>
",,,,,NO
RY0167,Badam rolls 500gms,YES,NO,variant,,120,120,120,10,0,1,10,"<p>nice product</p>
",,,,,NO
RY0166,kwality walls Cornetto - Disc Black Forest Frozen Dessert,YES,NO,variant,,59,59,59,10,0,1,10,"<p>good product</p>
",,,,,NO
RY0161,Lotte Choco Pie Creamfilled Biscuit 336 g,YES,NO,variant,,108,35,35,10,0,1,10,"<p>good product</p>
",,,,,NO
RY0159,Arun ice regular vanilla cup,YES,NO,variant,,25,25,25,10,0,1,10,"<p>good product</p>
",,,,,NO
RY0157,arun ice cream cone raspberry,YES,NO,variant,,30,30,30,10,0,1,10,"<p>nice product</p>
",,,,,NO
RY0156,Balaji Foods Till Laddu 200 g,YES,NO,variant,,68,350,350,10,0,1,10,"<p>nice product</p>
",,,,,NO
RY0154,kwality walls paddle pop lemon blast,YES,NO,variant,,12,12,12,10,0,1,10,"<p>good product</p>
",,,,,NO
RY0150,kwality walls paddle pop chocobar mini,YES,NO,variant,,12,12,12,10,0,1,10,"<p>nice product</p>
",,,,,NO
RY0148,Cornetto - Double Chocolate Frozen Dessert115 ml,YES,NO,variant,,50,50,50,10,0,1,10,"<p>good product</p>
",,,,,NO
RY0147,arun ice cream tube 1000ml dark chocolate,YES,NO,variant,,300,300,300,10,0,1,10,"<p>good product</p>
",,,,,NO
RY0142,kwality walls paddle pop orange maha bar,YES,NO,variant,,12,12,12,10,0,1,10,"<p>good&nbsp; product</p>
",,,,,NO
RY0141,kwality walls paddle pop green apple,YES,NO,variant,,16,16,16,10,0,1,10,"<p>good product</p>
",,,,,NO
KR0650,Potato Chips - Indias Magic Masala,YES,NO,variant,,45,11,11,10,0,1,10,"<p>good product</p>
",,,,,NO
KR0648,Knorr  Soup - Classic Tomato,YES,NO,variant,,55,60,60,10,0,1,10,"<p>good product</p>
",,,,,NO
KR0647,Sugar Free Dark Chocolate- 55% Rich In Cocoa,YES,NO,variant,,95,125,125,10,0,1,10,"<p>nice product</p>
",,,,,NO
KR0644,Namkeen - Cornflakes Mixture (Del),YES,NO,variant,,133,133,133,10,0,1,10,"<p>good product</p>
",,,,,NO
KR0641,ACT II Instant Popcorn - Classic Salted,YES,NO,variant,,32,11,11,10,0,1,10,"<p>good product</p>
",,,,,NO
KR0639,Ching's Chutney - Schezwan 250g,YES,NO,variant,,80,70,70,10,0,1,10,"<p>nice product</p>
",,,,,NO
KR0638,Fun foods Mayonnaise - Veg,YES,NO,variant,,70,110,110,10,0,1,10,"<p>nice product</p>
",,,,,NO
KR0637,Kelloggs Wheat Flakes - All Bran,YES,NO,variant,,195,199,199,10,0,1,10,"<p>nice product</p>
",,,,,NO
KR0636,Bambino  pep Macaroni - Elbow,YES,NO,variant,,95,100,100,10,0,1,10,"<p>nice product</p>
",,,,,NO
KR0635,Sunfeast  Farmlite Biscuit - Oats & Almonds 150g ,YES,NO,variant,,50,100,100,10,0,1,10,"<p>good product</p>
",,,,,NO
KR0634,Knorr  Cup-A-Soup - Manchow Veg,YES,NO,variant,,10,69,69,10,0,1,10,"<p>good product</p>
",,,,,NO
KR0633,Kellogg's Corn Flakes 475 gm ,YES,NO,variant,,135,330,330,10,0,1,10,"<p>good product</p>
",,,,,NO
KR0632,Dukes sour cream and onion nibbles  150g,YES,NO,variant,,30,120,30,10,0,1,10,"<p>good product</p>
",,,,,NO
KR0631,Kissan Tomato Ketchup - 500g,YES,NO,variant,,95,125,125,10,0,1,10,"<p>nice-product</p>
",,,,,NO
KR0623,Hommade - Tomato Puree-200g,YES,NO,variant,,25,30,30,10,0,1,10,"<p>good product</p>
",,,,,NO
KR0645,Sri shakti -urad Papad - Punjabi Masala,YES,NO,variant,,75,60,60,10,0,1,10,"<p>good product</p>
",,,,,NO
KR0629,Sunfeast Farmlite Biscuit Oats & Raisins 150G ,YES,NO,variant,,65,65,65,10,0,1,10,"<p>good product</p>
",,,,,NO
KR0627,Idly Dosa Batter,YES,NO,variant,,70,70,70,10,0,1,10,"<p>nice-product</p>
",,,,,NO
KR0628,Dabur Hommade - Coconut Milk,YES,NO,variant,,75,75,75,10,0,1,10,"<p>nice-product</p>
",,,,,NO
KR0626,Cadbury Dairy Milk Silk Bubbly Chocolate Bar 50 g,YES,NO,variant,,80,300,300,10,0,1,10,"<p>good product</p>
",,,,,NO
KR0624,Mc cain Potato Bites - Chilli Garlic,YES,NO,variant,,115,105,105,10,0,1,10,"<p>nice-product</p>
",,,,,NO
KR0630,Maggie Roasted Spices - Masala-ae-Magic,YES,NO,variant,,55,59,59,10,0,1,10,"<p>nice-product</p>
",,,,,NO
KR0622,Healthy life oats - 1kg,YES,NO,variant,,130,100,100,10,0,1,10,"<p>good-product</p>
",,,,,NO
KR0621,Microwave Popcorn - Butter Lovers Flavors,YES,NO,variant,,200,80,80,10,0,1,10,"<p>nice-product</p>
",,,,,NO
KR0619,Skittles wildberry pouch 29pg,YES,NO,variant,,30,6,30,10,0,1,10,"<p>nice-product</p>
",,,,,NO
KR0618,Saffola  vegie twist instant Masala Oats - Classic Masala,YES,NO,variant,,20,20,20,10,0,1,10,"<p>nice-product</p>
",,,,,NO
KR0617,Kissan fresh  Ketchup - Tomato,YES,NO,variant,,98,100,100,10,0,1,10,"<p>good-product</p>
",,,,,NO
KR0616,Haldiram's  Nagpur  - Moong Dal -400g,YES,NO,variant,,95,50,50,10,0,1,10,"<p>good product</p>
",,,,,NO
KR0615,MTR ravva instant idli mix 1kg,YES,NO,variant,,180,80,80,10,0,1,10,"<p>nice-product</p>
",,,,,NO
KR0614,Haldiram's nagpur Aloo bhujia 150g,YES,NO,variant,,35,87,87,10,0,1,10,"<p>good-product</p>
",,,,,NO
KR0612,Del Monte tamato ketchup 500g,YES,NO,variant,,38,60,60,10,0,1,10,"<p>good-product</p>
",,,,,NO
KR0611,Britania Classic - Little Hearts 75g,YES,NO,variant,,20,6,6,10,0,1,10,"<p>good-product</p>
",,,,,NO
KR0610,Good Night Green Shakti Low Smoke Coil  10N,YES,NO,variant,,34,34,34,10,0,1,10,"<p>good-product</p>
",,,,,NO
KR0609,Dabur Honey 500 gm ,YES,NO,variant,,160,250,250,10,0,1,10,"<p>good-product</p>
",,,,,NO
KR0607,Mcvitie's Digestive Biscuits Value Pack 200 g,YES,NO,variant,,30,159,159,10,0,1,10,"<p>good-product</p>
",,,,,NO
KR0604,Disano Crunchy Peanut Butter 1 kg,YES,NO,variant,,210,275,275,10,0,1,10,"<p>nice-product</p>
",,,,,NO
KR0602,Snactac Italian Veg Soup 60 g ,YES,NO,variant,,25,12,12,10,0,1,10,"<p>good product</p>
",,,,,NO
KR0601,Kellogg's Corn Flakes With Real Almond & Honey 1 kg,YES,NO,variant,,475,180,180,10,0,1,10,"<p>nice-product</p>
",,,,,NO
KR0600,Cadbury Dairy Milk Home Treats Minis 126 g,YES,NO,variant,,120,150,150,10,0,1,10,"<p>nice-product</p>
",,,,,NO
KR0599,Sunfeast Yippee Saucy Masala Instant Noodles 65 g,YES,NO,variant,,12,12,12,10,0,1,10,"<p>nice-product</p>
",,,,,NO
KR0598,Haldiram's Namkeen - Bhelpuri ,YES,NO,variant,,55,42,42,10,0,1,10,"<p>nice-product</p>
",,,,,NO
KR0597,Haldiram's Nagpur Boondi 150 g,YES,NO,variant,,32,44,44,10,0,1,10,"<p>good-product</p>
",,,,,NO
KR0596,Haldiram's Nagpur Salted Peanuts 150 g,YES,NO,variant,,45,50,50,10,0,1,10,"<p>nice-product</p>
",,,,,NO
KR0595,Masala Piri Piri French Fries 400 g,YES,NO,variant,,95,300,300,10,0,1,10,"<p>good product</p>
",,,,,NO
KR0594,Dukes Creme 4 Fun Cream Biscuits Combo Pack 450 g,YES,NO,variant,,60,99,99,10,0,1,10,"<p>good -products</p>
",,,,,NO
KR0592,Mc cain Smiles - Crispy Happy Potatoes 415g,YES,NO,variant,,115,110,110,10,0,1,10,"<p>nice-product</p>
",,,,,NO
KR0591,Tomato Ketchup 1 Kg,YES,NO,variant,,350,350,350,10,0,1,10,"<p>good product</p>
",,,,,NO
KR0590,Dukes Nice Sugar Sprinkled Coconut Biscuits 150 g,YES,NO,variant,,20,150,150,10,0,1,10,"<p>nice-product</p>
",,,,,NO
KR0589,Sunfeast Dark Fantasy Choco Fill Cookies 300 g,YES,NO,variant,,80,150,150,10,0,1,10,"<p>nice product</p>
",,,,,NO
KR0588,Maggi Nutri-licious Masala Instant Veg Atta Noodles 72.5 g,YES,NO,variant,,20,15,15,10,0,1,10,"<p>nice-product</p>
",,,,,NO
KR0586,Kellogg's Fruit & Nut Crunchy Muesli 500 g,YES,NO,variant,,300,110,110,10,0,1,10,"<p>nice-product</p>
",,,,,NO
KR0584,Lay`s American Style Cream N Onion Chips 78 g,YES,NO,variant,,30,180,180,10,0,1,10,"<p>good product</p>
",,,,,NO
KR0582,Lizol Kitchen Power Cleaner Trigger Spray 450 ml,YES,NO,variant,,130,85,85,10,0,1,10,"<p>good-prouduct</p>
",,,,,NO
KR0580,Bambino Vermicelli - Roasted 500g,YES,NO,variant,,25,99,99,10,0,1,10,"<p>nice-product</p>
",,,,,NO
KR0579,Britannia 50-50 Maska Chaska Biscuits 120 g,YES,NO,variant,,30,60,60,10,0,1,10,"<p>good-product</p>
",,,,,NO
KR0578,Kellogg's Nuts Delight Muesli 250 g (Pouch),YES,NO,variant,,150,300,300,10,0,1,10,"<p>nice-product</p>
",,,,,NO
KR0576,Cadbury Oreo Original Vanilla Cream Biscuits 50 g,YES,NO,variant,,12,12,12,10,0,1,10,"<p>nice-product</p>
",,,,,NO
KR0575,Parle Biscuits - Monaco Salted Snack 200g,YES,NO,variant,,30,99,99,10,0,1,10,"<p>good-product</p>
",,,,,NO
KR0572,Safal Frozen Green Peas 500 g,YES,NO,variant,,130,150,150,10,0,1,10,"<p>good-product</p>
",,,,,NO
KR0570,Kissan Mixed Fruit Jam 500g,YES,NO,variant,,140,62,62,10,0,1,10,"<p>nice-product</p>
",,,,,NO
KR0569,Kellog's Chocos 375 g,YES,NO,variant,,175,60,60,10,0,1,10,"<p>nice-product</p>
",,,,,NO
KR0567,"Comfort After Wash Anti Bacterial Fabric Conditioner, 220 ml",YES,NO,variant,,55,60,60,10,0,1,10,"<p>good product</p>
",,,,,NO
KR0564,Britannia NutriChoice Hi-Fibre Digestive Biscuits 100 g,YES,NO,variant,,20,20,20,10,0,1,10,"<p>good product</p>
",,,,,NO
KR0563,Quaker Oats 1kg,YES,NO,variant,,172,186,186,10,0,1,10,"<p>good product</p>
",,,,,NO
KR0561,Good Life Guntur Stemless Chilli 200 g,YES,NO,variant,,80,180,180,10,0,1,10,"<p>nice product</p>
",,,,,NO
KR0560,Telugu Foods Tomato Pickle 300 g,YES,NO,variant,,90,119,119,10,0,1,10,"<p>good-product</p>
",,,,,NO
KR0559,Hit Gel Stick - Eliminate Cockroaches,YES,NO,variant,,215,30,30,10,0,1,10,"<p>nice-product</p>
",,,,,NO
KR0558,"Indulekha Shampoo - Bringha, Anti-Hairfall, 100 ml",YES,NO,variant,,150,30,150,10,0,1,10,"<p>good product</p>
",,,,,NO
KR0557,"Indulekha Bhringa Hair Oil, 100 ml",YES,NO,variant,,410,432,432,10,0,1,10,"<p>nice product</p>
",,,,,NO
KR0556,Telugu Foods Ginger Pickle 50 g,YES,NO,variant,,10,119,119,10,0,1,10,"<p>good-product</p>
",,,,,NO
KR0554,Samvaad Mogra Agarbatti 110 gm,YES,NO,variant,,45,55,55,10,0,1,10,"<p>good product</p>
",,,,,NO
KR0552,Tropicana Orange Delight Fruit Juice 1 L,YES,NO,variant,,75,300,300,10,0,1,10,"<p>nice-product</p>
",,,,,NO
KR0551,Weikfield Cornflour 100 g,YES,NO,variant,,28,75,75,10,0,1,10,"<p>good product</p>
",,,,,NO
KR0547,Good Knight Xpress System Mosquito Vaporiser (1 Unit 1 Refill),YES,NO,variant,,75,100,100,10,0,1,10,"<p>nice-product</p>
",,,,,NO
KR0546,"Dabur Almond Hair Oil - Damage Free Hair, 100 ml",YES,NO,variant,,60,70,70,10,0,1,10,"<p>nice product</p>
",,,,,NO
KR0545,Lux Soft Touch Bath Soap - 100 Gm,YES,NO,variant,,25,27,27,10,0,1,10,"<p>nice-product</p>
",,,,,NO
KR0544,"Comfort After Wash Morning Fresh Fabric Conditioner, 860 ml",YES,NO,variant,,195,225,225,10,0,1,10,"<p>nice-product</p>
",,,,,NO
KR0543,Pears Pure& Gentle Bath Soap - 100gm,YES,NO,variant,,40,45,45,10,0,1,10,"<p>good product</p>
",,,,,NO
KR0542,Relish - Mustard190,YES,NO,variant,,99,99,99,10,0,1,10,"<p>nice-product</p>
",,,,,NO
KR0541,Cycle Lia Chandanam Agarbathies - 130gm,YES,NO,variant,,50,50,50,10,0,1,10,"<p>good product</p>
",,,,,NO
KR0540,rin surf 1kg,YES,NO,variant,,80,80,80,10,0,1,10,"<p>nice product</p>
",,,,,NO
KR0539,Super Vasmol 33 Kesh Kala Hair Oil - 100ml,YES,NO,variant,,52,52,52,10,0,1,10,"<p>good product</p>
",,,,,NO
KR0538,Spanish Olives Pitted Queen,YES,NO,variant,,288,288,288,10,0,1,10,"<p>good product</p>
",,,,,NO
KR0536,Bingo Yumitos Salt Sprinkled Potato Chips 100 g,YES,NO,variant,,25,120,120,10,0,1,10,"<p>nice product</p>
",,,,,NO
KR0534,Pineapple Queen 1 pc (Approx 700 g - 1200 g),YES,NO,variant,,40,115,115,10,0,1,10,"<p>good product</p>
",,,,,NO
KR0532,Good Life Black Pepper 100 g,YES,NO,variant,,80,850,850,10,0,1,10,"<p>good product</p>
",,,,,NO
KR0529,Telugu Foods Tomato Pickle 300 g,YES,NO,variant,,88,99,99,10,0,1,10,"<p>good product</p>
",,,,,NO
KR0527,Surf Excel Quick Wash Detergent Powder 1 kg,YES,NO,variant,,190,185,185,10,0,1,10,"<p>nice product</p>
",,,,,NO
KR0526,Lifebuoy Total Soap 125 g,YES,NO,variant,,28,60,60,10,0,1,10,"<p>nice product</p>
",,,,,NO
KR0521,Rin Detergent Soap - 250 Gm(pack of 4),YES,NO,variant,,60,12,12,10,0,1,10,"<p>good product</p>
",,,,,NO
KR0520,Mysore Sandal Soap With Pure Sandalwood Oil (Pack Of 3) - 150gm,YES,NO,variant,,210,225,225,10,0,1,10,"<p>nice product</p>
",,,,,NO
KR0512,Lifebuoy Total 10 Hand Sanitizer 50 ml,YES,NO,variant,,25,226,150,10,0,1,10,"<p>nice product</p>
",,,,,NO
KR0504,Telugu Lemon Pickle 50g,YES,NO,variant,,10,100,100,10,0,1,10,"<p>nice product</p>
",,,,,NO
KR0500,Lux Rose & Vitamin E Soft Glowing Skin Soap Bar 150 g (Pack of 3),YES,NO,variant,,90,77,77,10,0,1,10,"<p>good product</p>
",,,,,NO
KR0498,Good Knight Activ+ Mosquito Vaporiser Refill,YES,NO,variant,,75,150,150,10,0,1,10,"<p>nice product</p>
",,,,,NO
KR0496,24 Mantra Organic Ragi Flour 500 g,YES,NO,variant,,50,75,75,10,0,1,10,"<p>good product</p>
",,,,,NO
KR0494,Medimix Sandal & Eladi Oils Bathing Soap - 125gm,YES,NO,variant,,55,50,50,10,0,1,10,"<p>nice product</p>
",,,,,NO
KR0493," Surf Excel Detergent Bar, 250 g",YES,NO,variant,,26,50,50,10,0,1,10,"<p>nice product</p>
",,,,,NO
KR0491,Tide Plus Lemon & Mint Detergent Powder 1 kg,YES,NO,variant,,102,109,109,10,0,1,10,"<p>good product</p>
",,,,,NO
KR0490,Medimix Ayurvedic 18-Herbs Classic Soap 125 g,YES,NO,variant,,42,120,120,10,0,1,10,"<p>nice product</p>
",,,,,NO
KR0487,Tide Plus Jasmine ,YES,NO,variant,,362,40,40,10,0,1,10,"<p>good product</p>
",,,,,NO
KR0485,Good Life Broken Cashews 100 g,YES,NO,variant,,105,800,800,10,0,1,10,"<p>nice product</p>
",,,,,NO
KR0484,Odonil Lavender Meadows Air Freshener - 75gm,YES,NO,variant,,65,75,75,10,0,1,10,"<p>nice product</p>
",,,,,NO
KR0481,Odonil Jasmine Mist Air Freshener - 75 Gm,YES,NO,variant,,65,70,70,10,0,1,10,"<p>good product</p>
",,,,,NO
KR0477,Good Life Sago 200 g,YES,NO,variant,,25,125,125,10,0,1,10,"<p>good product</p>
",,,,,NO
KR0473,Vijaya  Groundnut Oil 1ltr,YES,NO,variant,,160,120,120,10,0,1,10,"<p>good product</p>
",,,,,NO
KR0472,"Surf Excel Detergent Bar, 200 gm Pack of 4",YES,NO,variant,,80,92,92,10,0,1,10,"<p>nice product</p>
",,,,,NO
KR0470,Kesh King Anti Hairfall Shampoo 340 ml,YES,NO,variant,,175,170,170,10,0,1,10,"<p>good product</p>
",,,,,NO
KR0469,SURF EXCEL stain remover 150 gm,YES,NO,variant,,230,230,230,10,0,1,10,"<p>good product</p>
",,,,,NO
KR0468,"Dabur Vatika - Enriched Coconut Hair Oil, 150 ml",YES,NO,variant,,84,84,84,10,0,1,10,"<p>good product</p>
",,,,,NO
KR0467,"Delicious Cashew/Kaju Split Big, 200 gm",YES,NO,variant,,300,300,300,10,0,1,10,"<p>nice product</p>
",,,,,NO
KR0466,Good Life Fenugreek 100 g,YES,NO,variant,,20,120,120,10,0,1,10,"<p>nice product</p>
",,,,,NO
KR0465,All Out Ultra Floral Power+ Mosquito Repellent Refill 45 ml (Pack of 2),YES,NO,variant,,135,420,420,10,0,1,10,"<p>nice product</p>
",,,,,NO
KR0464,Good Life Ajwain 100 g,YES,NO,variant,,48,250,250,10,0,1,10,"<p>good product</p>
",,,,,NO
KR0463,Catch Ginger Garlic Paste 200 g,YES,NO,variant,,32,120,120,10,0,1,10,"<p>good product</p>
",,,,,NO
RY0139,kwality walls family pack strawberry 700ml,YES,NO,variant,,100,100,100,10,0,1,10,"<p>nice product</p>
",,,,,NO
RY0138,arun ice cream 500ml gajar ka halwa,YES,NO,variant,,180,180,180,10,0,1,10,"<p>nice product</p>
",,,,,NO
RY0136,Bun regular 1pack,YES,NO,variant,,38,35,35,10,0,1,10,"<p>good product</p>
",,,,,NO
RY0135,kwality walls family pack black carrent 700ml,YES,NO,variant,,160,160,160,10,0,1,10,"<p>good product</p>
",,,,,NO
RY0134,Amul Taaza Homogenised Toned Long Life Milk 1 L (Tetra Pak),YES,NO,variant,,62,446,446,10,0,1,10,"<p>nice product</p>
",,,,,NO
RY0132,kwality walls family pack chocolate700ml,YES,NO,variant,,130,130,130,10,0,1,10,"<p>nice product</p>
",,,,,NO
RY0131,Amul Fresh Cream 250 ml (Tetra Pak),YES,NO,variant,,60,300,300,10,0,1,10,"<p>nice product</p>
",,,,,NO
RY0130,kwality walls feast fruit and nut,YES,NO,variant,,30,30,30,10,0,1,10,"<p>nice product</p>
",,,,,NO
RY0129,"Nestle A+ Raita Bhuna Jeera Curd, 380 gm Cup",YES,NO,variant,,75,15,75,10,0,1,10,"<p>nice product</p>
",,,,,NO
RY0127,Vanilla Heart Shape cake,YES,NO,variant,,799,450,450,10,0,1,10,"<p>good product</p>
",,,,,NO
RY0124,kwality walls family pack tutti fruti,YES,NO,variant,,130,130,130,10,0,1,10,"<p>nice product</p>
",,,,,NO
RY0122,Sofit Kesar Pista Flavoured Soya Milk 200 ml (Tetra Pak),YES,NO,variant,,30,110,110,10,0,1,10,"<p>good product</p>
",,,,,NO
RY0120,Bauli Moonfils Chocolate Veg Puff Rolls 47 g,YES,NO,variant,,15,20,20,10,0,1,10,"<p>good product</p>
",,,,,NO
RY0119,Mithai Mate,YES,NO,variant,,100,52,52,10,0,1,10,"<p>nice product</p>
",,,,,NO
RY0118,Cavin's Strawberry Milkshake 200 ml (Tetra Pak),YES,NO,variant,,28,15,15,10,0,1,10,"<p>nice-product</p>
",,,,,NO
RY0114,Britannia Cheese Block 400 g (Carton),YES,NO,variant,,195,200,200,10,0,1,10,"<p>good product</p>
",,,,,NO
RY0111,kwality walls family pack badam pista 700ml,YES,NO,variant,,160,160,160,10,0,1,10,"<p>good product</p>
",,,,,NO
RY0110,Kots Aata Khari 200 g,YES,NO,variant,,38,225,225,10,0,1,10,"<p>nice product</p>
",,,,,NO
RY0109,Parle Real Elaichi Premium Rusk 200 g,YES,NO,variant,,25,45,45,10,0,1,10,"<p>nice product</p>
",,,,,NO
RY0108,kwality walls cornetto cone disc black forest,YES,NO,variant,,45,45,45,10,0,1,10,"<p>nice product</p>
",,,,,NO
RY0106,MTR Instant Gulab Jamun Mix 175 g (50% Off on 1 unit),YES,NO,variant,,62,30,30,10,0,1,10,"<p>nice product</p>
",,,,,NO
RY0103,Butterscotch Anniversary cake,YES,NO,variant,,599,50,50,10,0,1,10,"<p>nice product</p>
",,,,,NO
RY0102,Processed Cheese - Block,YES,NO,variant,,98,102,102,10,0,1,10,"<p>nice product</p>
",,,,,NO
RY0101,Amul Masti Spiced Buttermilk 1 L (Tetra Pak),YES,NO,variant,,48,70,70,10,0,1,10,"<p>nice product</p>
",,,,,NO
RY0095,Nandini GoodLife Toned Milk 1 lt ,YES,NO,variant,,227,227,227,10,0,1,10,"<p>good product</p>
",,,,,NO
RY093,Go Pizza Cheese 200 g (Carton),YES,NO,variant,,95,30,30,10,0,1,10,"<p>nice product</p>
",,,,,NO
RTY092,Amul Fresh Paneer 200 g (Pack),YES,NO,variant,,72,60,60,10,0,1,10,"<p>good product</p>
",,,,,NO
KR0335,Samvaad Guggal Wet Puja Dhoop Sticks 16 pcs,YES,NO,variant,,20,65,65,10,0,1,10,"<p>good product</p>
",,,,,NO
KR0333,"Mangaldeep Pooja Agarbatti - Lavender, 84 sticks",YES,NO,variant,,45,55,55,10,0,1,10,"<p>nice product</p>
",,,,,NO
KR0330,Mangaldeep Mogra Puja Agarbattis 120 pcs,YES,NO,variant,,35,78,78,10,0,1,10,"<p>nice product</p>
",,,,,NO
KR0329,Mangaldeep Ziplock Rose Puja Agarbatti 120 pcs,YES,NO,variant,,35,55,55,10,0,1,10,"<p>good product</p>
",,,,,NO
KR0324,"Mangaldeep Agarbatti - 3 in 1, 84 pcs Carton",YES,NO,variant,,100,100,100,10,0,1,10,"<p>nice product</p>
",,,,,NO
KR0315,Maggi Masala Penne Instant Pazzta 65 g (Pouch),YES,NO,variant,,25,396,396,10,0,1,10,"<p>good product</p>
",,,,,NO
KR0134,Himalaya Baby Powder 200 g,YES,NO,variant,,130,200,200,10,0,1,10,"<p>good product</p>
",,,,,NO
KR0311,Good Life Almonds 500 g,YES,NO,variant,,300,180,180,10,0,1,10,"<p>nice product</p>
",,,,,NO
KR0309,"Parle Potato Crisps - Classic Salted, 4x80 gm",YES,NO,variant,,20,120,120,10,0,1,10,"<p>nice product</p>
",,,,,NO
KR0305,Good Life Yellow Kishmish 500 g,YES,NO,variant,,148,40,75,10,0,1,10,"<p>nice product</p>
",,,,,NO
KR0302,Good Life Kabuli Chana 500 g,YES,NO,variant,,50,100,100,10,0,1,10,"<p>nice product</p>
",,,,,NO
KR0300,Good Life White Til 100 g,YES,NO,variant,,20,30,30,10,0,1,10,"<p>nice product</p>
",,,,,NO
KR0299,Tata I-Shakti Cooking Soda 100 g,YES,NO,variant,,15,15,15,10,0,1,10,"<p>nice product</p>
",,,,,NO
KR0298,VSR Jowar Premium Millet Flour 500 g,YES,NO,variant,,38,60,60,10,0,1,10,"<p>good product</p>
",,,,,NO
KR0297,Good Life Bajra 1 kg,YES,NO,variant,,45,50,50,10,0,1,10,"<p>nice product</p>
",,,,,NO
KR0293,Good Life Masoor Dal 500 g,YES,NO,variant,,50,325,100,10,0,1,10,"<p>nice product</p>
",,,,,NO
KR0290,Good Life Idli Rawa 1 kg,YES,NO,variant,,40,35,35,10,0,1,10,"<p>nice product</p>
",,,,,NO
KR0288,Sundrop Creamy Peanut Butter 200 g,YES,NO,variant,,98,649,649,10,0,1,10,"<p>nice product</p>
",,,,,NO
KR0284,Rawa 1 kg,YES,NO,variant,,40,40,40,10,0,1,10,"<p>nice product</p>
",,,,,NO
KR0280,Loose Masoor Dal 1 kg,YES,NO,variant,,75,90,90,10,0,1,10,"<p>nice product</p>
",,,,,NO
KR0277,Best Farms Washed Gota Urad 1 kg,YES,NO,variant,,190,120,120,10,0,1,10,"<p>nice product</p>
",,,,,NO
KR0273,"Snickers Chocolate Bar, 50 gm Pouch",YES,NO,variant,,35,35,35,10,0,1,10,"<p>nice product</p>
",,,,,NO
KR0267,"Veeba Mayonnaise - Garlic, 280 gm",YES,NO,variant,,78,85,85,10,0,1,10,"<p>nice product&nbsp;</p>
",,,,,NO
KR0262,"All Out Ultra Refill - Liquid Vaporizer, 45 ml Twin Pack",YES,NO,variant,,110,150,150,10,0,1,10,"<p>good product</p>
",,,,,NO
KR0261,"HIT Spray Flying Insect Killer (FIK), 200 ml",YES,NO,variant,,95,100,100,10,0,1,10,"<p>nice product</p>
",,,,,NO
KR0260,"HIT Spray Crawling Insect Killer (CIK), 400 ml",YES,NO,variant,,175,100,100,10,0,1,10,"<p>good product</p>
",,,,,NO
CK0259,Anniversary Butterscotch Heart Shape cake,YES,NO,variant,,649,180,180,10,0,1,10,"<p>good product</p>
",,,,,NO
KR0257,Good Knight Advanced Activ+ Mosquito Repellent Refill 45 ml (Pack of 2),YES,NO,variant,,115,35,35,10,0,1,10,"<p>nice product</p>
",,,,,NO
KR0256,Snac tac Mixed Fruit Jam 500 g (50% off on 1 unit),YES,NO,variant,,75,138,138,10,0,1,10,"<p>good product</p>
",,,,,NO
KR0231,Gold Winner Refined Sunflower Oil 1 L,YES,NO,variant,,155,132,132,10,0,1,10,"<p>good product</p>
",,,,,NO
KR0229,Fortune Kachi Ghani Mustard Oil 1 L,YES,NO,variant,,178,230,230,10,0,1,10,"<p>nice&nbsp;&nbsp;product</p>
",,,,,NO
KR0228,Sundrop Heart RiceBran Based Blended Oil 1 L,YES,NO,variant,,200,280,280,10,0,1,10,"<p>good product</p>
",,,,,NO
KR0227,Sundrop Lite Sunflower Based Blended Oil 5 L,YES,NO,variant,,1010,630,630,10,0,1,10,"<p>nice product</p>
",,,,,NO
KR0225,Pillsbury Chakki Fresh Atta / Flour 5 kg,YES,NO,variant,,218,360,360,10,0,1,10,"<p>nice product</p>
",,,,,NO
KR0224,Elina Long Grain Rice 1 kg,YES,NO,variant,,48,840,840,10,0,1,10,"<p>good product</p>
",,,,,NO
KR0223,HIT Cockroach Repellent Chalk,YES,NO,variant,,15,20,20,10,0,1,10,"<p>good product</p>
",,,,,NO
KR0217,Odomos Mosquito Repellent Cream - 100 Gm,YES,NO,variant,,50,90,90,10,0,1,10,"<p>good product</p>
",,,,,NO
KR0215,Vijaya Pure Cow Ghee 1 L (Pouch),YES,NO,variant,,448,475,475,10,0,1,10,"<p>nice product</p>
",,,,,NO
KR0214,24 Mantra Organic Coriander 100 g,YES,NO,variant,,50,140,140,10,0,1,10,"<p>nice product</p>
",,,,,NO
KR0175,"Aashirvaad Atta - Select, 5 kg Pouch",YES,NO,variant,,240,275,275,10,0,1,10,"<p>good product</p>
",,,,,NO
KR0174,Wipro Softouch After Wash Ocean Breeze Fabric Conditioner 860 ml,YES,NO,variant,,210,420,420,10,0,1,10,"<p>nice product</p>
",,,,,NO
KR0173,VSR Maida 1 kg,YES,NO,variant,,45,65,65,10,0,1,10,"<p>good product</p>
",,,,,NO
KR0172,"Tata Salt  - Iodized, 1 kg Pouch",YES,NO,variant,,20,25,25,10,0,1,10,"<p>nice product</p>
",,,,,NO
KR0167,"Saffola Tasty - Pro Fitness Conscious Edible Oil, 1 lt Pouch",YES,NO,variant,,145,540,135,10,0,1,10,"<p>nice product</p>
",,,,,NO
KR0166,"Saffola Total - Pro Heart Conscious Edible Oil, 5 lt Jar",YES,NO,variant,,982,1200,1200,10,0,1,10,"<p>good product</p>
",,,,,NO
KR0157,Set Wet Pro Vitamin B5 Cool Hold Styling Hair Gel 100 ml,YES,NO,variant,,98,100,100,10,0,1,10,"<p>good product</p>
",,,,,NO
KR0156,Set Wet Bali Bliss Perfume Spray 120 ml,YES,NO,variant,,128,500,500,10,0,1,10,"<p>nice product</p>
",,,,,NO
KR0155,Cinthol Original Deodorant & Complexion Soap 100 g,YES,NO,variant,,35,60,60,10,0,1,10,"<p>nice product</p>
",,,,,NO
KR0154,Cinthol Original Deo & Complexion Soap 100 g (Pack of 4),YES,NO,variant,,130,150,150,10,0,1,10,"<p>nice product</p>
",,,,,NO
KR0152,Cinthol Cool Deo Soap with Menthol 100 g (Buy 4 Get 1 Free),YES,NO,variant,,142,125,112,10,0,1,10,"<p>good product</p>
",,,,,NO
KR0150,"Head & shoulders Shampoo - Cool Menthol, 180ml",YES,NO,variant,,145,700,700,10,0,1,10,"<p>nice product</p>
",,,,,NO
KR0148,"Head & Shoulder Anti-Dandruff Shampoo - Smooth & Silky, 360 ml",YES,NO,variant,,272,500,500,10,0,1,10,"<p>good product</p>
",,,,,NO
KR0147,Hit lime fraganance 400ml,YES,NO,variant,,175,200,200,10,0,1,10,"<p>good product</p>
",,,,,NO
KR0143,Pepsodent Germicheck+ Cavity Protection Toothpaste 100 g,YES,NO,variant,,50,118,118,10,0,1,10,"<p>nice product</p>
",,,,,NO
KR0142,Colgate Batman Bubble Fruit Flavor Kids Toothpaste 80 g (6+ Years),YES,NO,variant,,62,161,161,10,0,1,10,"<p>nice product</p>
",,,,,NO
KR0141,Colgate Strong Teeth Dental Cream Toothpaste 200 g,YES,NO,variant,,92,65,65,10,0,1,10,"<p>nice product</p>
",,,,,NO
KR0140,Dabur Red Toothpaste 200 g,YES,NO,variant,,88,155,155,10,0,1,10,"<p>nice product</p>
",,,,,NO
KR0139,"Dabur Toothpaste - Red Gel, Combo Pack, 150 gm Pack of 2",YES,NO,variant,,80,160,160,10,0,1,10,"<p>nice&nbsp; product</p>
",,,,,NO
KR0138,"Colgate Toothpaste - Active Salt Saver Pack, Salt & Minerals, 2x300 gm ( Multipack )",YES,NO,variant,,254,254,254,10,0,1,10,"<p>good product</p>
",,,,,NO
KR0136,Pantene Pro-V Advanced Hair Fall Control Hair Conditioner 175 ml,YES,NO,variant,,180,139,139,10,0,1,10,"<p>good product</p>
",,,,,NO
KR0117,Sunsilk Co-Creations Lusciously Thick & Long Shampoo 180 ml,YES,NO,variant,,95,335,335,10,0,1,10,"<p>good product</p>
",,,,,NO
KR0116,Dove Nutritive Solutions Intense Repair Shampoo for Damaged Hair 650 ml,YES,NO,variant,,383,690,690,10,0,1,10,"<p>good product</p>
",,,,,NO
KR0113,Dove Hair Fall Rescue Shampoo 650 ml ,YES,NO,variant,,640,640,640,10,0,1,10,"<p>nice product</p>
",,,,,NO
KR0112,Tresemme Pro Collection Hair Fall Defense Keratin Protein Shampoo 340 ml,YES,NO,variant,,195,125,125,10,0,1,10,"<p>good product</p>
",,,,,NO
KR0111,"Head & Shoulder Anti-Dandruff Shampoo - Anti Hairfall, 72 ml",YES,NO,variant,,65,75,75,10,0,1,10,"<p>nice product</p>
",,,,,NO
KR0110,Dove Hair Therapy Hair Fall Rescue Shampoo 340 ml,YES,NO,variant,,195,690,690,10,0,1,10,"<p>good product</p>
",,,,,NO
KR0108,Tresemme Expert Selection Botanique Nourish & Replenish Paraben Free Shampoo 580 ml,YES,NO,variant,,480,630,630,10,0,1,10,"<p>nice product</p>
",,,,,NO
KR0102,"Parachute Coconut Oil - 100% Pure, 100 ml",YES,NO,variant,,38,128,128,10,0,1,10,"<p>good product</p>
",,,,,NO
KR0099,Pampers Baby Dry Pants (XL) 34 count (12 - 17 kg),YES,NO,variant,,499,399,399,10,0,1,10,"<p>nice product</p>
",,,,,NO
KR0095,Johnson's Baby Top-To-Toe Bath 200 ml,YES,NO,variant,,120,75,75,10,0,1,10,"<p>good product</p>
",,,,,NO
KR0090,"Johnson & Johnson Baby Shampoo, 100 ml",YES,NO,variant,,85,85,85,10,0,1,10,"<p>good product</p>
",,,,,NO
KR0086,"Himalaya Bathing Soap - Almond & Rose, 4x125 gm ( Multipack )",YES,NO,variant,,180,180,180,10,0,1,10,"<p>nice product</p>
",,,,,NO
KR0079,Lizol Citrus Disinfectant Surface Cleaner 975 ml,YES,NO,variant,,165,688,688,10,0,1,10,"<p>nice product</p>
",,,,,NO
KR0078,Surf Excel Quick Wash Detergent Powder 500 g,YES,NO,variant,,95,150,150,10,0,1,10,"<p>nice product</p>
",,,,,NO
KR0077,"Surf Excel Easy Wash Detergent Powder, 1.5kg",YES,NO,variant,,155,50,50,10,0,1,10,"<p>good product</p>
",,,,,NO
KR0075,"Surf Excel Matic Top Load Detergent Powder, 2 kg",YES,NO,variant,,350,449,449,10,0,1,10,"<p>good product</p>
",,,,,NO
KR0073,"Genteel Liquid Detergent, 1 kg Buy 1 Get 1 Free",YES,NO,variant,,320,320,320,10,0,1,10,"<p>good product</p>
",,,,,NO
KR0072,"Surf Excel Easy Wash Detergent Powder, 4 kg",YES,NO,variant,,372,464,464,10,0,1,10,"<p>good product</p>
",,,,,NO
KR0071,"Pril Dishwash - Kraft, 750 ml",YES,NO,variant,,128,200,200,10,0,1,10,"<p>nice product</p>
",,,,,NO
KR0070,Pril Perfect Lime Dishwash Liquid 120 ml,YES,NO,variant,,20,105,105,10,0,1,10,"<p>nice product</p>
",,,,,NO
KR0069,Vim Dishwash Bar 300 g,YES,NO,variant,,22,55,55,10,0,1,10,"<p>nice product</p>
",,,,,NO
KR0066,"Giffy Dishwash Gel - Green Lime & Active Salt, 500 ml",YES,NO,variant,,145,115,115,10,0,1,10,"<p>nice product</p>
",,,,,NO
KR0065,"Dettol Kitchen Dish And Slab Gel - Lemon Fresh, Germ Protection, 400 ml",YES,NO,variant,,45,131,131,10,0,1,10,"<p>good product</p>
",,,,,NO
KR0064,Lifebuoy Alcohol Based Hand Sanitizer 240 ml,YES,NO,variant,,115,185,185,10,0,1,10,"<p>good product</p>
",,,,,NO
KR0061,Dettol Spring Blossom Disinfectant Spray 170 g,YES,NO,variant,,145,100,100,10,0,1,10,"<p>good product</p>
",,,,,NO
KR0060,"Dettol Bathing Bar Soap - Germ Protection, Skincare, 75 gm",YES,NO,variant,,100,110,110,10,0,1,10,"<p>good product</p>
",,,,,NO
KR0059,"Himalaya Bathing Soap - Neem & Turmeric, 4x125 gm ( Multipack )",YES,NO,variant,,148,180,180,10,0,1,10,"<p>good product</p>
",,,,,NO
KR0054,Biotique Almond Oil Nourishing Body Soap 75 g,YES,NO,variant,,88,140,140,10,0,1,10,"<p>good product</p>
",,,,,NO
KR052,"Santoor Sandal & Turmeric Soap, 150 gm Pack of 4",YES,NO,variant,,92,129,172,10,0,1,10,"<p>nice product</p>
",,,,,NO
KR051,Santoor Sandal & Turmeric Soap 125 g (Pack of 4),YES,NO,variant,,142,165,165,10,0,1,10,"<p>good product</p>
",,,,,NO
MD048,Disano Filtered Apple Cider Vinegar With Mother 500 ml,YES,NO,variant,,120,400,400,10,0,1,10,"<p>good product</p>
",,,,,NO
MD040,Vicks Menthol Cough Drops 20 pcs,YES,NO,variant,,20,100,100,10,0,1,10,"<p>nice product</p>
",,,,,NO
MD031,Ching's Secret Red Chilli Sauce 200 g,YES,NO,variant,,50,1000,1000,10,0,1,10,"<p>good product</p>
",,,,,NO
MD023,Aashirvaad Turmeric Powder 500 g,YES,NO,variant,,135,990,990,10,0,1,10,"<p>good product</p>
",,,,,NO
KR048,Best Farms Black Whole Masoor 500 g,YES,NO,variant,,50,65,65,10,0,1,10,"<p>good product</p>
",,,,,NO
VE039," Carrot - Red,500 gm",YES,NO,variant,,10,30,10,10,0,1,10,"<p>good product</p>
",,,,,NO
KR046," Garlic - Organically Grown, 200 gm",YES,NO,variant,,25,25,25,10,0,1,10,"<p>nice product</p>
",,,,,NO
RY045,Plain Vanilla cake,YES,NO,variant,,399,500,500,10,0,1,10,"<p>good product</p>
",,,,,NO
RY044,Chocolate Truffle,YES,NO,variant,,499,300,300,10,0,1,10,"<p>good product</p>
",,,,,NO
RY043,Black Forest cake,YES,NO,variant,,499,500,500,10,0,1,10,"<p>good product</p>
",,,,,NO
RY032,Fruit And Nut cake,YES,NO,variant,,999,500,500,10,0,1,10,"<p>good product</p>
",,,,,NO
RY031,vegg puff 1pc,YES,NO,variant,,20,20,20,10,0,1,10,"<p>good product</p>
",,,,,NO
RY030,Chocolate On Top cake,YES,NO,variant,,699,699,699,10,0,1,10,"<p>good product</p>
",,,,,NO
RY029,Heart Shape Black Forest cake,YES,NO,variant,,699,450,450,10,0,1,10,"<p>good product</p>
",,,,,NO
RY028,Doodh peda 250gms,YES,NO,variant,,250,250,250,10,0,1,10,"<p>good product</p>
",,,,,NO
RY027,Gavvalu sweet 500gms,YES,NO,variant,,250,35,250,8,0,1,10,"<p>nice product</p>
",,,,,NO
RY017,Kaju katli 250gms,YES,NO,variant,,100,100,100,10,0,1,10,"<p>good product</p>
",,,,,NO
RY024,"The Chocolate Room GGN Muffin, 2 pcs",YES,NO,variant,,200,30,200,10,0,1,10,"<p>nice product</p>
",,,,,NO
RY022,Chakodi 1kg,YES,NO,variant,,128,20,90,499,0,1,500,"<p>good product</p>
",,,,,NO
RY020,Badusha 250gm,YES,NO,variant,,80,40,80,249,0,1,250,"<p>good product</p>
",,,,,NO
RY019,barfi white 250gm,YES,NO,variant,,250,400,250,250,0,1,250,"<p>good product</p>
",,,,,NO
FR030,Apple Red Delicious 4 pcs (Approx 550 g - 700 g),YES,NO,variant,,160,20,20,10,0,1,10,"<p>good product</p>
",,,,,NO
KR029,"Sugarcane, 1 pc",YES,NO,variant,,20,20,20,10,0,1,10,"<p>nice product</p>
",,,,,NO
FR028,"Guava Pink, 1 kg",YES,NO,variant,,100,100,100,10,0,1,10,"<p>good product</p>
",,,,,NO
FR027,Banana Robusta 6 Pcs (Box) (Approx 800 g - 1100 g),YES,NO,variant,,30,40,40,10,0,1,10,"<p>nice product</p>
",,,,,NO
VE035," Brinjal - Purple, Long, 500 gm",YES,NO,variant,,15,60,50,10,0,1,10,"<p>good product</p>
",,,,,NO
VE034,potato 1kg,YES,NO,variant,,35,35,35,10,0,1,10,"<p>good product</p>
",,,,,NO
FR024,"Pumpkin - Disco, 500 gm",YES,NO,variant,,40,40,40,10,0,1,10,"<p>good product</p>
",,,,,NO
VE029,Drumstick each (Approx 70 g - 250 g),YES,NO,variant,,8,15,15,10,0,1,10,"<p>good product</p>
",,,,,NO
VE028,Lauki (Bottle Gourd) 1 kg,YES,NO,variant,,25,38,38,10,0,1,10,"<p>good product</p>
",,,,,NO
VE027,Dondakaya gherkins(Coccinia )500 g,YES,NO,variant,,14,35,35,10,0,1,10,"<p>good product</p>
",,,,,NO
KR043,Pro Nature Organic Chana Dal 500 g,YES,NO,variant,,95,40,150,10,0,1,10,"<p>nice product</p>
",,,,,NO
KR040,"Coriander / Dhania Seeds, 200 gm",YES,NO,variant,,80,80,80,10,0,1,10,"<p>good product</p>
",,,,,NO
KR0039,"24 Mantra Mustard / avalu Small, 100gms",YES,NO,variant,,25,20,20,100,0,1,100,"<p>good product</p>
",,,,,NO
KR0037,"ASHIRVAD Salt - Table, Iodized, 1KG",YES,NO,variant,,20,30,30,10,0,1,10,"<p>nice product</p>
",,,,,NO
FR0026, Apple 1kg,YES,NO,variant,,270,199,199,10,0,1,10,"<p>nice product</p>
",,,,,NO
FR0025,Pears Green Imported 3 pcs (Pack),YES,NO,variant,,170,375,150,10,0,1,10,"<p>good product</p>
",,,,,NO
VE0023,Cluster Beans 500 g,YES,NO,variant,,25,70,70,10,0,1,10,"<p>good product</p>
",,,,,NO
FR0023,"Onion, 5 kg (pack )",YES,NO,variant,,120,95,95,10,0,1,10,"<p>good product</p>
",,,,,NO
VE0022," Beans - Cowpea, 500g",YES,NO,variant,,20,68,63,10,0,1,10,"<p>nice product</p>
",,,,,NO
FR0021,Sri Gopal Gola Dry Coconut 500 g,YES,NO,variant,,155,40,40,10,0,1,10,"<p>good product</p>
",,,,,NO
FR0019, Pumpkin  1kg,YES,NO,variant,,40,20,20,10,0,1,10,"<p>nice product</p>
",,,,,NO
KR0032,Sweet  Corn (250-450)g,YES,NO,variant,,12,50,50,10,0,1,10,"<p>nice product</p>
",,,,,NO
KR0026,Delicious Selected Fig / Anjeer 100 g,YES,NO,variant,,200,950,950,10,0,1,10,"<p>good product</p>
",,,,,NO
KR0652,Good Life Salted Pistachios 200 g,YES,NO,variant,,200,280,280,10,0,1,10,"<p>good product</p>
",,,,,NO
VE0021,Green Capsicum 500 g,YES,NO,variant,,25,50,50,10,0,1,10,"<p>good product</p>
",,,,,NO
FR0018,Orange Imported 1 kg,YES,NO,variant,,100,300,300,10,0,1,10,"<p>nice product</p>
",,,,,NO
FR0016, Grapes 1kg,YES,NO,variant,,120,99,120,8,0,1,10,"<p>good product</p>
",,,,,NO
FR0014, Mosambi 3 kg,YES,NO,variant,,90,150,150,10,0,1,10,"<p>nice product</p>
",,,,,NO
FR0011,Kiwi Green Zespri 3 pcs (Pack) (Approx 240 g - 300 g),YES,NO,variant,,62,125,125,10,0,1,10,"<p>good product</p>
",,,,,NO
VE0019," Papaya - Raw, 1.5 kg",YES,NO,variant,,68,60,60,10,0,1,10,"<p>good product</p>
",,,,,NO
VE0017,"Tomato - Cherry, 250 gm",YES,NO,variant,,20,50,50,10,0,1,10,"<p>nice product</p>
",,,,,NO
VE0016,"Ladies Finger - Organically Grown, 500 gm",YES,NO,variant,,20,45,45,10,0,1,10,"<p>good product</p>
",,,,,NO
MD0012,"Johnson & Johnson Baby skincare wipes, 80 pcs",YES,NO,variant,,235,350,350,10,0,1,10,"<p>good product</p>
",,,,,NO
MD0010,Pampers Baby Dry Pants (L) 42 count (9 â€“ 14 kg),YES,NO,variant,,518,2000,2000,10,0,1,10,"<p>good product</p>
",,,,,NO
RY0013,Chocolate cake,YES,NO,variant,,599,600,600,10,0,1,10,"<p>good product</p>
",,,,,NO
RY0012,Date Crown Fard Dates 500 g,YES,NO,variant,,200,600,600,10,0,1,10,"<p>good product</p>
",,,,,NO
KR0014,Good Life Brown Chana 500 g,YES,NO,variant,,50,50,50,10,0,1,10,"<p>nice product</p>
",,,,,NO
VE0014,"Cauliflower - Organically Grown, (600g-1000g)",YES,NO,variant,,30,30,48,10,0,1,10,"<p>nice product</p>
",,,,,NO
KR012,Red Label Natural Care Tea 500 g (Carton),YES,NO,variant,,290,155,155,10,0,1,10,"<p>good product</p>
",,,,,NO
VE0011,Cucumber natu 500g,YES,NO,variant,,10,35,35,10,0,1,10,"<p>good product</p>
",,,,,NO
HT0004,Mutton biryani,YES,NO,variant,,890,890,890,10,0,1,10,"<p>nice product</p>
",,,,,NO
HT0003,Fish biryani,YES,NO,variant,,800,800,800,10,0,1,10,"<p>nice product</p>
",,,,,NO
HT0001,Chicken Biryani,YES,NO,variant,,900,900,900,10,0,1,10,"<p>good product</p>
",,,,,NO
KR0010,Pond's Dreamflower Pink Lily Fragrant Talc 100 g,YES,NO,variant,,98,75,75,10,0,1,10,"<p>nice product</p>
",,,,,NO
KR0009,Catch Ginger Garlic Paste 200 g,YES,NO,variant,,32,60,60,10,0,1,10,"<p>nice product</p>
",,,,,NO
KR0005,Good Life Coriander Powder 100 g,YES,NO,variant,,20,30,30,10,0,1,10,"<p>good product</p>
",,,,,NO
KR0003,Krishna Bengal Gram Flour / Besan 500 g,YES,NO,variant,,38,150,150,10,0,1,10,"<p>good product</p>
",,,,,NO
KR0001,Deccan Organic Jaggery 1 kg,YES,NO,variant,,90,100,100,10,0,1,10,"<p>good product</p>
",,,,,NO
RY0010,Egg puff 1pc,YES,NO,variant,,20,20,20,9,0,1,10,"<p>good product</p>
",,,,,NO
RY0009,Chocolate Truffle cake,YES,NO,variant,,899,700,700,10,0,1,10,"<p>nice product</p>
",,,,,NO
RY0006,cool cake chocolate melt1kg,YES,NO,variant,,700,700,700,10,0,1,10,"<p>good product</p>
",,,,,NO
CK0004,Double Chocolate Anniversary cake,YES,NO,variant,,799,500,500,10,0,1,10,"<p>nice product</p>
",,,,,NO
RY0002,White Forest,YES,NO,variant,,140,140,140,10,0,1,10,"<p>good product</p>
",,,,,NO
RY0001,Black Forest 1KG,YES,NO,variant,,600,600,600,10,0,1,10,"<p>good product</p>
",,,,,NO
BK0001,"Cello Flo-Gel Pens - Blue, Pack of 5",YES,NO,variant,,50,50,50,10,0,1,10,"<p>nice product</p>
",,,,,NO
MD0007,Dabur Nature care Isagbol  375g,YES,NO,variant,,240,300,300,10,0,1,10,"<p>good product</p>
",,,,,NO
MD0003,Eno Lemon Flavour Fruit Salt 5 g (Pack of 6),YES,NO,variant,,50,50,50,10,0,1,10,"<p>good product</p>
",,,,,NO
MD0001,Eno Fruit Salt Regular  100g,YES,NO,variant,,105,60,60,10,0,1,10,"<p>good product</p>
",,,,,NO
VE0004,Brinjal Long Purple -500 g,YES,NO,variant,,15,50,50,10,0,1,10,"<p>good product</p>
",,,,,NO
VE060,Beetroot 500g,YES,NO,variant,,15,65,65,10,0,1,10,"<p>nice product</p>

<p>&nbsp;</p>
",,,,,NO
FR0008,Water Melon 2.5kg,YES,NO,variant,,30,50,50,8,0,1,10,"<p>nice product</p>
",,,,,NO
KR1340,Good life turmeric powder 100g,NO,NO,variant,,20,200,200,10,0,1,10,"<p>good product</p>
",,,,,NO
FR1326,Pineapple Queen 1 pc (Approx 700 g - 1200 g),NO,NO,variant,,40,60,60,10,0,1,10,"<p>good product</p>
",,,,,NO
FR1325,Mango Totapuri 1 kg,NO,NO,variant,,70,50,50,10,0,1,10,"<p>good product</p>
",,,,,NO
VG1322,green mirchi 200g,NO,NO,variant,,10,50,50,10,0,1,10,"<p>good product</p>
",,,,,NO
KR1320,Aashirvaad Whole Wheat Atta 1 kg,NO,NO,variant,,55,50,50,10,0,1,10,"<p>good product</p>
",,,,,NO
KR1317,Madhur Sulphur Free Sugar 5 kg,NO,NO,variant,,210,40,40,10,0,1,10,"<p>nice product</p>
",,,,,NO
ST804,COLOR PINS,NO,NO,variant,,19,19,19,10,0,1,10,"<p>good product</p>
",,,,,NO
ST803,NATRAJ PENCIL BOX,NO,NO,variant,,99,99,99,10,0,1,10,"<p>good product</p>
",,,,,NO
ST801,DOMS ERASER WITH BOX Non-Toxic Eraser,NO,NO,variant,,19,19,19,10,0,1,10,"<p>good product</p>
",,,,,NO
ST0799,EAGLE SLATE PENS,NO,NO,variant,,19,19,19,10,0,1,10,"<p>good product</p>
",,,,,NO
ST0798,"Casio Black calculator, Size: Standard and Large",NO,NO,variant,,299,299,299,10,0,1,10,"<p>good product</p>
",,,,,NO
ST0797,CASIO CALUCULATORS,NO,NO,variant,,1199,1199,1199,10,0,1,10,"<p>good products</p>
",,,,,NO
ST0796,CRAFTWAFT White Mountboard A1 Size Pack of 3,NO,NO,variant,,15,15,15,10,0,1,10,"<p>good product</p>
",,,,,NO
ST0795,APSARA kit set of 2pencil eraser and sharpner,NO,NO,variant,,29,29,29,10,0,1,10,"<p>good product</p>
",,,,,NO
ST0794,Cello Butter Flow Simply Blue Ball Pen SET OF 10PCS,NO,NO,variant,,110,110,110,10,0,1,10,"<p>good product</p>
",,,,,NO
ST0793,MONTEX BLUE PENs set of 10pcs,NO,NO,variant,,110,110,110,10,0,1,10,"<p>good product</p>
",,,,,NO
ST0792,BLUE PEN FLAIR,NO,NO,variant,,10,10,10,10,0,1,10,"<p>good product</p>
",,,,,NO
ST0791,FLAIR PENS set of 5pcs,NO,NO,variant,,30,30,30,10,0,1,10,"<p>good product</p>
",,,,,NO
ST0790,Metal Binder Clips Black 25MM,NO,NO,variant,,9,9,9,10,0,1,10,"<p>good product</p>
",,,,,NO
ST0789,Nataraj Transparent Scale 15 cm SET OF 10,NO,NO,variant,,55,55,55,10,0,1,10,"<p>good product</p>
",,,,,NO
ST0788,Camlin Plastic Scale 30 cm set of 10pcs,NO,NO,variant,,60,60,60,10,0,1,10,"<p>good product</p>
",,,,,NO
ST0787,"Metal Scale 12""",NO,NO,variant,,29,29,29,10,0,1,10,"<p>good product</p>
",,,,,NO
ST0786,Saya MDF Printed Clip Board Designer,NO,NO,variant,,69,69,69,10,0,1,10,"<p>good product</p>
",,,,,NO
ST0785,Generic Wooden Clip Board A4,NO,NO,variant,,59,59,59,10,0,1,10,"<p>good product</p>
",,,,,NO
ST0784,Outward Register No8 (200pgs),NO,NO,variant,,999,999,999,10,0,1,10,"<p>good product</p>
",,,,,NO
ST0783,Attendance Register 26 pgs,NO,NO,variant,,99,99,99,10,0,1,10,"<p>good product</p>
",,,,,NO
ST0781,junior geometry box,NO,NO,variant,,79,79,79,10,0,1,10,"<p>good product</p>
",,,,,NO
ST0780,STICK FILE REGULAR SIZE,NO,NO,variant,,19,19,19,10,0,1,10,"<p>good product</p>
",,,,,NO
ST0779,"Classmate Notebook - King Size, Ruled, Single Line120 Pages",NO,NO,variant,,33,33,33,10,0,1,10,"<p>good product</p>
",,,,,NO
ST0778,"Classmate Notebook - A4, Ruled, Single Line 240PAGES",NO,NO,variant,,80,80,80,10,0,1,10,"<p>good product</p>
",,,,,NO
ST0772,"Cello Ball Pen - Blue, Benz, 1 pc",NO,NO,variant,,45,45,45,10,0,1,10,"<p>nice product</p>
",,,,,NO
ST0763,Permanent Marker - Black 1PC,NO,NO,variant,,25,25,25,10,0,1,10,"<p>nice product</p>
",,,,,NO
ST0749,iDream 180 Pages Sticker Mini Animal Sticky Notes Four Fold Memo Pad School Stationery Supplies,NO,NO,variant,,299,299,299,10,0,1,10,"<p>good product</p>
",,,,,NO
ST0748,Pilot Hi-Techpoint 05 - 2Blue + 1Black,NO,NO,variant,,119,119,119,10,0,1,10,"<p>good product</p>
",,,,,NO
ST0745,Staedtler Triangular Ball Pen (Set Of 10 Colours),NO,NO,variant,,299,299,299,10,0,1,10,"<p>good product</p>
",,,,,NO
ST0744,pen pouches,NO,NO,variant,,30,30,30,10,0,1,10,"<p>good product</p>
",,,,,NO
ST0743,"Pindia Color Sheet Set, A4 Size - Pack of 100 Sheets (Multicolor)",NO,NO,variant,,300,300,300,10,0,1,10,"<p>good product</p>
",,,,,NO
ST0727,kwality walls sandwich chocolate,NO,NO,variant,,35,35,35,10,0,1,10,"<p>good product</p>
",,,,,NO
BK0724,kwality walls cloud one 55ml,NO,NO,variant,,30,30,30,10,0,1,10,"<p>good&nbsp; product</p>
",,,,,NO
BK0719,Western Classic Ice Cream - Cookie Crumb Flavour1 lt Box,NO,NO,variant,,300,300,300,10,0,1,10,"<p>good product</p>
",,,,,NO
BK0717,arun ice cream tube 1000ml italian delight,NO,NO,variant,,300,300,300,10,0,1,10,"<p>good product</p>
",,,,,NO
BK0712,kwality wall's magnum almond,NO,NO,variant,,100,100,100,10,0,1,10,"<p>good product</p>
",,,,,NO
BK0711,arun ice cream cone blueberry,NO,NO,variant,,30,30,30,10,0,1,10,"<p>nice product</p>
",,,,,NO
BK0709,kwality walls paddle pop cola blast,NO,NO,variant,,12,12,12,10,0,1,10,"<p>good product</p>
",,,,,NO
BK0706,Haldiram's Nagpur Tasty Nuts 350 g,NO,NO,variant,,75,46,46,10,0,1,10,"<p>good product</p>
",,,,,NO
BK0701,Nissin Veggi Manchow Instant Cup Noodles 70 g,NO,NO,variant,,40,270,270,10,0,1,10,"<p>good product</p>
",,,,,NO
OM0700,"Dabur Amla Hair Oil - Long, Healthy & Strong Hair, 180 ml",NO,NO,variant,,85,90,90,10,0,1,10,"<p>good product</p>
",,,,,NO
KR0698,Kellogg's Almonds & Cranberries Crunchy Granola 460 g,NO,NO,variant,,315,299,299,10,0,1,10,"<p>nice product</p>
",,,,,NO
KR0697,Bagrry's Fruit & Nut Crunchy Muesli With Cranberries 750 g,NO,NO,variant,,335,415,415,10,0,1,10,"<p>good product</p>
",,,,,NO
KR0694,Ching's Secret Schezwan Chutney 250 g,NO,NO,variant,,70,70,70,10,0,1,10,"<p>good product</p>
",,,,,NO
KR0688,Kellogg's Corn Flakes With Real Almond ,NO,NO,variant,,162,330,330,10,0,1,10,"<p>nice product</p>
",,,,,NO
KR0685,Dabur Hommade - Tomato Puree  200g,NO,NO,variant,,25,30,30,10,0,1,10,"<p>good product</p>
",,,,,NO
KR0676,Bagrrys Oats - White 500g,NO,NO,variant,,80,100,100,10,0,1,10,"<p>good product</p>
",,,,,NO
KR0658,Sundrop Honey Roast Crunchy Peanut Butter 462 g,NO,NO,variant,,215,275,275,10,0,1,10,"<p>good product</p>
",,,,,NO
KR0654,Sunfeast Yippee Magic Masala Noodles,NO,NO,variant,,12,12,12,10,0,1,10,"<p>good product</p>
",,,,,NO
BK0639,DORITOS Nacho Cheese 110G,NO,NO,variant,,45,180,180,10,0,1,10,"<p>good product</p>
",,,,,NO
KR0629,Britannia Marie Gold Biscuits 250 g,NO,NO,variant,,30,600,600,10,0,1,10,"<p>good product</p>
",,,,,NO
KR0594,Patanjali Kesh Kanti Amla Hair Oil 100 ml,NO,NO,variant,,40,52,52,10,0,1,10,"<p>good product</p>
",,,,,NO
KR0448,Mangaldeep 4 in 1 Ziplock Agarbatti 120 pcs,NO,NO,variant,,34,100,100,10,0,1,10,"<p>good product</p>
",,,,,NO
KR0433,"Parle Potato Crisps - Classic Salted, 70g",NO,NO,variant,,20,120,120,10,0,1,10,"<p>good product</p>
",,,,,NO
KR0423,Tata I-Shakti Cooking Soda 100 g,NO,NO,variant,,15,15,15,10,0,1,10,"<p>good product</p>
",,,,,NO
BK0399,Snickers Chocolate Miniatures 150 g,NO,NO,variant,,142,100,100,10,0,1,10,"<p>good product</p>
",,,,,NO
KR0391,"All Out Floral Refill - Power Plus, 45 ml",NO,NO,variant,,135,75,75,10,0,1,10,"<p>good product</p>
",,,,,NO
KR0369,India gate Super Rozzana Basmati Rice 1 kg,NO,NO,variant,,78,175,175,10,0,1,10,"<p>good product</p>
",,,,,NO
KR0363,Aashirvaad Select Sharbati Whole Wheat Atta 1 kg,NO,NO,variant,,60,275,275,10,0,1,10,"<p>good product</p>
",,,,,NO
KR0332,Dettol Lime Fresh Disinfectant Liquid 500 ml,NO,NO,variant,,175,321,321,10,0,1,10,"<p>nice product</p>
",,,,,NO
KR0327,"Colgate Swarna Vedshakti Neem, Clove and Honey Toothpaste 100 g",NO,NO,variant,,50,65,65,10,0,1,10,"<p>good product</p>
",,,,,NO
KR0326,"Dabur Red Ayurvedic Paste, 200 gm",NO,NO,variant,,88,155,155,10,0,1,10,"<p>good product</p>
",,,,,NO
KR0325,Dabur Red Ayurvedic Gel Toothpaste 80 g,NO,NO,variant,,40,160,160,10,0,1,10,"<p>good product</p>
",,,,,NO
KR0322,Pantene Pro-V Advanced Hair Fall Control Hair Conditioner 175 ml,NO,NO,variant,,182,139,139,10,0,1,10,"<p>good product</p>
",,,,,NO
KR0320,Dove Nutritive Solutions Intense Repair Shampoo for Damaged Hair 650 ml,NO,NO,variant,,380,690,690,10,0,1,10,"<p>good product</p>
",,,,,NO
KR0319,"Sunsilk Shampoo - Stunning Black Shine, 650 ml Bottle",NO,NO,variant,,240,350,350,10,0,1,10,"<p>good product</p>
",,,,,NO
KR0318,L'Oreal Paris Total Repair 5 Advanced Repairing Shampoo 360 ml ,NO,NO,variant,,254,450,450,10,0,1,10,"<p>nice product</p>
",,,,,NO
KR0315,"Head & Shoulder Anti-Dandruff Shampoo - Anti Hairfall, 72 ml",NO,NO,variant,,65,75,75,10,0,1,10,"<p>nice product</p>
",,,,,NO
KR0314,Dove Hair Therapy Hair Fall Rescue Shampoo 340 ml,NO,NO,variant,,194,690,690,10,0,1,10,"<p>nice product</p>
",,,,,NO
KR0310,"Soulflower Tea Tree Anti-Dandruff Hair Oil, 225 ml",NO,NO,variant,,135,400,400,10,0,1,10,"<p>nice product</p>
",,,,,NO
KR0307,Parachute Advansed Aloe Vera Enriched Coconut Hair Oil 150 ml,NO,NO,variant,,75,100,100,10,0,1,10,"<p>good product</p>
",,,,,NO
KR0301,"Himalaya Baby Baby Cream, 200 ml",NO,NO,variant,,90,235,235,10,0,1,10,"<p>good product</p>
",,,,,NO
KR0298,Himalaya Baby Massage Oil 200 ml,NO,NO,variant,,145,199,199,10,0,1,10,"<p>nice product</p>
",,,,,NO
KR0296,Himalaya Gentle Baby Shampoo with Hibiscus,NO,NO,variant,,172,275,275,10,0,1,10,"<p>good&nbsp; product</p>
",,,,,NO
KR0294,Santoor Sandal & Almond Milk Soap 125 g (Buy 4 Get 1 Free),NO,NO,variant,,145,199,199,10,0,1,10,"<p>good product</p>
",,,,,NO
KR0293,Himalaya Neem & Turmeric Soap 75 g (Pack of 4),NO,NO,variant,,105,180,180,10,0,1,10,"<p>good&nbsp; product</p>
",,,,,NO
KR0292,"Baby Dove Baby Bar - Rich Moisture, 3x50 gm ( Multipack )",NO,NO,variant,,90,90,90,10,0,1,10,"<p>good product</p>
",,,,,NO
KR0291,"Johnson & Johnson Baby Soap, 100 gm",NO,NO,variant,,150,55,55,10,0,1,10,"<p>good product</p>
",,,,,NO
KR0289,"Johnson & Johnson Baby Lotion, 500 ml",NO,NO,variant,,330,330,330,10,0,1,10,"<p>good product</p>
",,,,,NO
KR0286,Lizol Disinfectant Surface Cleaner ,NO,NO,variant,,165,688,688,10,0,1,10,"<p>good product</p>
",,,,,NO
KR0284,"Surf Excel Easy Wash Detergent Powder, 500 gm Pouch",NO,NO,variant,,55,50,50,10,0,1,10,"<p>good product</p>
",,,,,NO
KR0282,"Surf Excel Matic Top Load Detergent Powder, 2 kg",NO,NO,variant,,449,449,449,10,0,1,10,"<p>good product</p>
",,,,,NO
KR0281,"Ariel Matic - Liquid Detergent, 1 lt",NO,NO,variant,,210,225,225,10,0,1,10,"<p>good product</p>
",,,,,NO
KR0279,"Surf Excel Easy Wash Detergent Powder, 4 kg",NO,NO,variant,,372,464,464,10,0,1,10,"<p>good product</p>
",,,,,NO
KR0271,Lifebuoy Total 10 Handwash Refill 750 ml (Pouch) (Buy 1 Get 1),NO,NO,variant,,190,185,185,10,0,1,10,"<p>good product</p>
",,,,,NO
KR0268,"Dettol Liquid Handwash Pump - Germ Protection, Original, 175 ml",NO,NO,variant,,44,100,100,10,0,1,10,"<p>good product</p>
",,,,,NO
KR0267,"Dettol Bathing Bar Soap - Germ Protection, Skincare, 75 gm",NO,NO,variant,,30,110,110,10,0,1,10,"<p>nice product</p>
",,,,,NO
KR0265,Santoor Sandal & Turmeric Soap 150 g (Pack of 4),NO,NO,variant,,140,387,387,10,0,1,10,"<p>good product</p>
",,,,,NO
KR0259,"Santoor Soap - Glycerine, Pureglo, 375 gm Pack of 3 ",NO,NO,variant,,100,129,129,10,0,1,10,"<p>good product</p>
",,,,,NO
KR0258,"Santoor Gold Soap, 125 gm Buy 3 Get 1 Free",NO,NO,variant,,165,165,165,10,0,1,10,"<p>Good product</p>
",,,,,NO
KR0219,"Good life Urad Dal/Split, 1 kg Pouch",NO,NO,variant,,140,160,160,10,0,1,10,"<p>good product</p>
",,,,,NO
KR0216,Good Life Chilka Moong Dal 1 kg,NO,NO,variant,,138,120,120,10,0,1,10,"<p>good product</p>
",,,,,NO
KR0214,Good Life Roasted Chana Dal / Bengal Gram Split 200 g,NO,NO,variant,,25,45,45,10,0,1,10,"<p>good&nbsp; product</p>
",,,,,NO
VG0213,chamagadda 500g,NO,NO,variant,,20,90,90,10,0,1,10,"<p>good product</p>
",,,,,NO
VG0211,Ridge Gourd Beerakaya 500g,NO,NO,variant,,30,45,45,10,0,1,10,"<p>good product</p>
",,,,,NO
VG0205,Tomato 1kg,NO,NO,variant,,15,20,20,10,0,1,10,"<p>good product</p>
",,,,,NO
VG0204,"Brinjal - Green, Long, 500g",NO,NO,variant,,10,40,40,10,0,1,10,"<p>good product</p>
",,,,,NO
VG0203,"Brinjal - Purple, Long, 500 gm",NO,NO,variant,,10,50,50,10,0,1,10,"<p>good&nbsp; product</p>
",,,,,NO
CK0197,Heart Shape Vanilla cake,NO,NO,variant,,699,400,400,10,0,1,10,"<p>good&nbsp; product</p>
",,,,,NO
CK0191,Butterscotch cake,NO,NO,variant,,549,699,699,10,0,1,10,"<p>nice product</p>
",,,,,NO
CK0190,Butterscotch Treat cake,NO,NO,variant,,549,450,450,10,0,1,10,"<p>good product</p>
",,,,,NO
BK0176,Karachi Classic Soan Papdi 200 g (Carton),NO,NO,variant,,42,100,100,10,0,1,10,"<p>good product</p>
",,,,,NO
BK0175,Amul Masti Spiced Buttermilk 1 L (Tetra Pak),NO,NO,variant,,48,30,30,10,0,1,10,"<p>good products</p>
",,,,,NO
BK0174,kwality walls cornetto cone mini butterscortch,NO,NO,variant,,25,25,25,10,0,1,10,"<p>good product</p>
",,,,,NO
BK0166,"Parle Rusk - Real Elaich, 200 gm Carton",NO,NO,variant,,50,50,50,10,0,1,10,"<p>nice product</p>
",,,,,NO
FR0162,Coconut 1 pc (Approx 350 g - 600 g),NO,NO,variant,,30,25,25,10,0,1,10,"<p>good product</p>
",,,,,NO
FR0158,Papaya - 1.5 kg,NO,NO,variant,,70,44,44,10,0,1,10,"<p>good product</p>
",,,,,NO
VG0152,Maggi Mushroom Penne Instant Pazzta 64 g,NO,NO,variant,,25,65,65,10,0,1,10,"<p>good product</p>
",,,,,NO
FR0146," Pumpkin - Disco, 500 gm",NO,NO,variant,,40,40,40,10,0,1,10,"<p>good product</p>
",,,,,NO
KR0140,Pro Nature Organic Chana Dal 500 g,NO,NO,variant,,95,150,150,10,0,1,10,"<p>nice product</p>
",,,,,NO
KR0139,Good Life White Til 100 g,NO,NO,variant,,20,40,40,10,0,1,10,"<p>good product</p>
",,,,,NO
KR0137,Delicious Cooking Saunf 100 g,NO,NO,variant,,58,120,120,10,0,1,10,"<p>good product</p>
",,,,,NO
KR0135,Good Life Big Mustard 100 g,NO,NO,variant,,15,20,20,10,0,1,10,"<p>good product</p>
",,,,,NO
KR0134,"ASHIRVAD Salt - Table, Iodized, 1KG",NO,NO,variant,,20,30,30,10,0,1,10,"<p>good product</p>
",,,,,NO
KR0133,Catch Sprinkler Table Salt 100 g,NO,NO,variant,,23,20,20,10,0,1,10,"<p>good product</p>
",,,,,NO
KR0129,Parth Jaggery 950 g,NO,NO,variant,,65,50,50,10,0,1,10,"<p>good product</p>
",,,,,NO
FR0125,Pears Green Imported 3 pcs (Pack),NO,NO,variant,,170,375,375,10,0,1,10,"<p>good product</p>
",,,,,NO
VG0123,chikkudukaya broad beans 500g,NO,NO,variant,,25,70,70,10,0,1,10,"<p>nice product</p>
",,,,,NO
VG0122," Beans - Cowpea, 500g",NO,NO,variant,,20,63,63,10,0,1,10,"<p>good product</p>
",,,,,NO
KR0120,Set Wet Pro Vitamin B5 Cool Hold Styling Hair Gel 100 ml,YES,NO,variant,,98,62,96,10,0,1,10,"<p>good product</p>
",,,,,NO
FR0118,Sri Gopal Gola Dry Coconut 500 g,NO,NO,variant,,155,40,40,10,0,1,10,"<p>good product</p>
",,,,,NO
KR0117," Garlic - Peeled, 200 gm",NO,NO,variant,,28,43,43,10,0,1,10,"<p>good product</p>
",,,,,NO
FR0115,Sweet Corn 1 pc (Approx 250 g - 450 g),NO,NO,variant,,10,50,50,10,0,1,10,"<p>good product</p>
",,,,,NO
KR0114,Exo Touch & Shine Anti-Bacterial Round Dishwash Bar 700 g,NO,NO,variant,,58,50,50,10,0,1,10,"<p>good product</p>
",,,,,NO
KR0113,Scrubz Lemon Power Dishwash Bar 400 g (Buy 3 Get 1 Free),NO,NO,variant,,92,50,50,10,0,1,10,"<p>good product</p>
",,,,,NO
KR0112,Patanjali Tejus Coconut Hair Oil 200 ml,NO,NO,variant,,80,150,150,10,0,1,10,"<p>good product</p>
",,,,,NO
OM0111, Real Amla Hair Oil 300 ml,NO,NO,variant,,75,300,300,10,0,1,10,"<p>nice product</p>
",,,,,NO
OM0110,Parachute Advansed Jasmine Coconut Non-Sticky Hair Oil 300 ml,NO,NO,variant,,108,550,550,10,0,1,10,"<p>good product</p>
",,,,,NO
KR0109,Delicious Selected Fig / Anjeer 100 g,NO,NO,variant,,200,950,950,10,0,1,10,"<p>good product</p>
",,,,,NO
FR0107,Delicious Ordinary Almonds 100 g,NO,NO,variant,,175,400,400,10,0,1,10,"<p>good product</p>
",,,,,NO
FR0106,"Good life Dry Fruits - Mixed, 500 gm Pouch",NO,NO,variant,,250,150,150,10,0,1,10,"<p>good product</p>
",,,,,NO
KR0105,Good Life Almonds 500 g,NO,NO,variant,,290,280,280,10,0,1,10,"<p>good product</p>
",,,,,NO
KR0102,Good Life Flax Seeds 100 g,NO,NO,variant,,20,120,120,10,0,1,10,"<p>good product</p>
",,,,,NO
FR0092,Muskmelon - - 1 kg,NO,NO,variant,,20,40,40,10,0,1,10,"<p>good product</p>
",,,,,NO
FR0089,Carrot Orange - 500 g,NO,NO,variant,,15,60,60,10,0,1,10,"<p>good product</p>
",,,,,NO
KR0085,Dabur Honey 1 kg,NO,NO,variant,,350,600,600,10,0,1,10,"<p>nice product</p>
",,,,,NO
KR0079,Comfort After Wash Morning Fresh Fabric Conditioner 860 ml,NO,NO,variant,,195,60,60,10,0,1,10,"<p>good product</p>

<p>&nbsp;</p>
",,,,,NO
KR0078,Johnson & Johnson Baby skincare wipesd,NO,NO,variant,,235,350,350,10,0,1,10,"<p>good product</p>
",,,,,NO
KR0077,Himalaya Baby Powder 200 g,NO,NO,variant,,130,450,450,10,0,1,10,"<p>good product</p>
",,,,,NO
KR0062,Vim Lemon Concentrated Dishwash Gel 750 ml,NO,NO,variant,,150,150,150,10,0,1,10,"<p>good product</p>
",,,,,NO
FR0061,Cucumber natu 1kg,NO,NO,variant,,20,35,35,10,0,1,10,"<p>good product</p>
",,,,,NO
FR0060,Cucumber White 1KG,NO,NO,variant,,55,50,50,10,0,1,10,"<p>good product</p>
",,,,,NO
CK0037,Red velvet cake and chocolate with flowers,NO,NO,variant,,4898,700,700,10,0,1,10,1kg,,,,,NO
KR0025,Tulips Cotton Swabs 100 pcs,NO,NO,variant,,18,60,60,10,0,1,10,"<p>good product</p>
",,,,,NO
KR0024,Dabur Nature Care Isabgol 375 g,NO,NO,variant,,240,300,300,10,0,1,10,"<p>good product</p>
",,,,,NO
FR0012,Apple Granny Smith 4 pcs (Approx 450 g - 600 g),NO,NO,variant,,170,50,50,10,0,1,10,"<p>good product</p>
",,,,,NO
FR0006,Lemons 100g,NO,NO,variant,,15,50,50,10,0,1,10,"<p>good product</p>
",,,,,NO
KR0000,Good Life Sago 500 g,YES,NO,other,,50,40,0,10,0,1,10,"<p>good product</p>
",,,,,NO
BK0000,Mango cake,YES,NO,other,,849,500,0,,0,,,"<p>1 L</p>
",,,,,NO
JC0000,Real Fruit Canberry Juice 1L,YES,NO,other,,92,109,0,,0,,,"<p>1 L</p>
",,,,,NO
OM0000,Sundrop Heart Rice Bran Based Blended Oil 5 L,YES,NO,other,,962,604,0,,0,,,"<p>5 L</p>
",,,,,NO
KR0001,Good Life Chitra Rajma 200 g,YES,NO,other,,38,59,0,,0,,,"<p>500 g</p>
",,,,,NO
OM0001,Kitchen King Masala ,YES,NO,other,,110,110,0,,0,,,"<p>80g</p>
",,,,,NO
VG0000, Onion  1kg,YES,NO,other,,25,39,0,,0,,,"<p>1 KG</p>
",,,,,NO
OM0002,Best Farms Star Anise 30 g,YES,NO,other,,44,100,0,,0,,,"<p>50g</p>
",,,,,NO
TC0000,Lipton Honey Lemon Green Tea Bags 25 pcs,YES,NO,other,,158,103,0,,0,,,"<p>25 Tea bags</p>
",,,,,NO
FR0001,Raw Banana   1kg,YES,NO,other,,40,50,0,,0,,,"<p>12 Pieces</p>
",,,,,NO
OM0002,Good Life Poppy Seed 100 g,YES,NO,other,,188,100,0,,0,,,"<p>100g</p>
",,,,,NO
FR0004, Pumpkin ,YES,NO,other,,40,40,0,,0,,,"<p>1Kg</p>
",,,,,NO
KR0004,24 Mantra Organic Ragi Flour 500 g,YES,NO,other,,50,60,0,,0,,,"<p>1/2Kg</p>
",,,,,NO
OM0005,Good Life Green Cardamom 50 g,YES,NO,other,,215,140,0,,0,,,"<p>100g</p>
",,,,,NO
OM0006,Everest Black Pepper Powder 50 g,YES,NO,other,,78,108,0,,0,,,"<p>100 g</p>
",,,,,NO
KR0005,Broken Wheat / Daliya 1 kg,YES,NO,other,,50,50,0,,0,,,"<p>1Kg</p>
",,,,,NO
BK0001,Kwality Walls Oreo & Cream,YES,NO,other,,259,259,0,,0,,,"<p>700 ml</p>
",,,,,NO
MD0000,Britannia Cheese Slices 480 g (Pack),YES,NO,other,,200,555,0,,0,,,"<p>Pack of 2 476 g each</p>
",,,,,NO
OM0009,Good life Chilli Powder 100g,YES,NO,other,,32,32,0,,0,,,"<p>100 g</p>
",,,,,NO
SD0000,Maaza 1.2L,YES,NO,other,,58,80,0,,0,,,"<p>1 L</p>
",,,,,NO
JC0001,Real Fruit Power Orange Juice 1 L,YES,NO,other,,90,99,0,,0,,,"<p>1 L</p>
",,,,,NO
OM0010,Desi Kitchen Chhole Masala 100 g,YES,NO,other,,45,53,0,,0,,,"<p>100 g</p>
",,,,,NO
VG0007,Good Life Guntur Stemless Chilli 100 g,YES,NO,other,,45,55,0,,0,,,"<p>250g</p>
",,,,,NO
VG0008, Cabbage ,YES,NO,other,,10,10,0,,0,,,"<p>500 gm to 800 gm</p>
",,,,,NO
KR0006,24 Mantra Organic Moong Dal 500 g,YES,NO,other,,111,60,0,,0,,,"<p>500 g</p>
",,,,,NO
FR0008,Good Life Tamarind 500 g,YES,NO,other,,142,200,0,,0,,,"<p>1Kg</p>
",,,,,NO
OM0011,Priya Paneer Butter Masala Powder 50 g,YES,NO,other,,30,47,0,,0,,,"<p>40 g</p>
",,,,,NO
KR0007,Fortune Chakki Fresh Whole Wheat Atta 10 kg,YES,NO,other,,400,200,0,,0,,,"<p>1Kg</p>
",,,,,NO
KR0008,Good Life Superfine Thin Poha / Aval 1 kg,YES,NO,other,,52,50,0,,0,,,"<p>500 g</p>
",,,,,NO
KR0009,Maggi Nutri-licious Masala Instant Atta Noodles 290 g (Pouch),YES,NO,other,,82,150,0,,0,,,"<p>1Kg</p>
",,,,,NO
OM0012,Fortune Kachi Ghani Mustard Oil 1 L,YES,NO,other,,178,120,0,,0,,,"<p>1L</p>
",,,,,NO
BK0002,Kwality Walls Crunchilicious Butterscotch [ Ice Cream Tub ] â€“ 700ml,YES,NO,other,,140,220,0,,0,,,"<p>700 ml</p>
",,,,,NO
TC0001,Lipton Green Tea,YES,NO,other,,143,143,0,,0,,,"<p>25 units</p>
",,,,,NO
VG0013, Ridge Gaurd ,YES,NO,other,,35,35,0,,0,,,"<p>1Kg</p>
",,,,,NO
TC0003,Red Label Leaf Tea 1 kg,YES,NO,other,,480,109,0,,0,,,"<p>250 g</p>
",,,,,NO
VG0014,Cauliflower ,YES,NO,other,,24,24,0,,0,,,"<p>1 KG</p>
",,,,,NO
KR0011,Best Farms White Dry Peas / Vatana 500 g,YES,NO,other,,110,180,0,,0,,,"<p>1Kg</p>
",,,,,NO
VG0014,Ginger ,YES,NO,other,,12,12,0,,0,,,"<p>100 g</p>
",,,,,NO
KR0013,Best Farms Red Lobia / Chawli 500 g,YES,NO,other,,30,100,0,,0,,,"<p>1Kg</p>
",,,,,NO
OM0015,Good Life Ajwain 100 g,YES,NO,other,,48,100,0,,0,,,"<p>100g</p>
",,,,,NO
KR0015,Good Life Tur Dal 1 kg,YES,NO,other,,130,99,0,10,0,1,10,"<p>1 Kg</p>
",,,,,NO
JC0002,Paper Boat Aamras,YES,NO,other,,30,107,0,,0,,,"<p>1 L</p>
",,,,,NO
OM0016,Tata  Rock Salt ,YES,NO,other,,41,41,0,1,0,1,10,"<p>500 g</p>
",,,,,NO
OM0017,Good Life Black Pepper 200 g,YES,NO,other,,142,82,0,,0,,,"<p>100 g</p>
",,,,,NO
JC0003,Real Mixed Fruit Juice 1L,YES,NO,other,,105,167,0,,0,,,"<p>2L</p>
",,,,,NO
MD002,Amul Fresh Cooking Cream 1 L (Tetra Pak),YES,NO,other,,185,50,0,,0,,,"<p>1 Kg</p>
",,,,,NO
OM0020,Everest Chicken Masala 100 g,YES,NO,other,,70,50,0,,0,,,"<p>250g</p>
",,,,,NO
VG0019, Taro  500g,YES,NO,other,,20,40,0,,0,,,"<p>1Kg</p>
",,,,,NO
JC0004,Real Fruit Litchi Juice,YES,NO,other,,98,173,0,,0,,,"<p>2L</p>
",,,,,NO
FR0010,Raw Mango ,YES,NO,other,,100,100,0,,0,,,"<p>1Kg</p>
",,,,,NO
SD0001,Coca Cola 1.75L,YES,NO,other,,60,60,0,,0,,,"<p>1 L</p>
",,,,,NO
SD0002,7UP  2L,YES,NO,other,,65,60,0,,0,,,"<p>1 L</p>
",,,,,NO
KR0020,Besan 1KG ,YES,NO,other,,71,38,0,,0,,,"<p>500 g</p>
",,,,,NO
MD0003,Amul Taaza Homogenised Toned Long Life Milk 1 L (Tetra Pak),YES,NO,other,,62,30,0,,0,,,"<p>1 Kg</p>
",,,,,NO
BK0003,Black Forest cake,YES,NO,other,,549,200,0,,0,,,"<p>1 L</p>
",,,,,NO
VG0027, Cucumber french  500g,YES,NO,other,,60,60,0,,0,,,"<p>1Kg</p>
",,,,,NO
KR0022,Kellogg's Chocos Duet 375 g,YES,NO,other,,172,59,0,,0,,,"<p>6 units</p>
",,,,,NO
KR0024,Wheat Flour  5kg,YES,NO,other,,218,40,0,,0,,,"<p>1/2Kg</p>
",,,,,NO
OM0025, Everest Chat Masala  500g,YES,NO,other,,60,32,0,,0,,,"<p>100 g</p>
",,,,,NO
KR0025,Good Life Rice Flour / Atta 500 g,YES,NO,other,,25,100,0,,0,,,"<p>1Kg</p>
",,,,,NO
MD0004,Paneer 200g,YES,NO,other,,72,74,0,,0,,,"<p>200 g</p>
",,,,,NO
FR0012,Kiwi Green Zespri 3 pcs (Pack) (Approx 240 g - 300 g),YES,NO,other,,62,69,0,,0,,,"<p>3 pcs</p>
",,,,,NO
VG0030, Bottle Eggplant  500g,YES,NO,other,,25,25,0,,0,,,"<p>1Kg</p>
",,,,,NO
OM0027,Everest Cumin Powder 100 g,YES,NO,other,,50,49,0,,0,,,"<p>200 g</p>
",,,,,NO
BK0004,Mother Dairy Ice cream Vanilla,YES,NO,other,,180,180,0,,0,,,"<p>700 ml Buy 1 get 1 free</p>
",,,,,NO
BD0000,modern high fibre brown bread 400g,YES,NO,other,,40,45,0,,0,,,"<p>200 g</p>
",,,,,NO
OM0031,Chicken Masala,YES,NO,other,,62,62,0,,0,,,"<p>100 g</p>
",,,,,NO
KR0028,Ambika No.4 Appalam 180 g,YES,NO,other,,90,90,0,,0,,,"<p>1 Pack</p>
",,,,,NO
KR0029,VSR Jowar Premium Millet Flour 500 g,YES,NO,other,,39,39,0,,0,,,"<p>500 g</p>
",,,,,NO
KR0033,Krishna Premium Idly Rawa 1 kg,YES,NO,other,,172,172,0,,0,,,"<p>1 kg</p>
",,,,,NO
JC0006,Tropicana Apple Delight 1L,YES,NO,other,,68,19,0,,0,,,"<p>200 ml</p>
",,,,,NO
VG0036,Green Chilli 200g,YES,NO,other,,10,70,0,,0,,,"<p>1Kg</p>
",,,,,NO
JC0007,Paper Boat coconut water,YES,NO,other,,35,36,0,,0,,,"<p>200 ml</p>
",,,,,NO
SD0005,Coca Cola Diet 300ml,YES,NO,other,,35,30,0,,0,,,"<p>300 ML</p>
",,,,,NO
OM0035,Good Life Guntur Stemless Chilli 100 g,YES,NO,other,,45,50,0,,0,,,"<p>250g</p>
",,,,,NO
VG0039,Good Life Soya Wadi / Chunks 500 g,YES,NO,other,,57,40,0,,0,,,"<p>1Kg</p>
",,,,,NO
TC0004,Nescafe Classic Coffee 100g (jar),YES,NO,other,,282,513,0,,0,,,"<p>200 g</p>
",,,,,NO
BD0001,Modern Multigrain Superseed Bread 400 g,YES,NO,other,,44,30,0,,0,,,"<p>200 g</p>
",,,,,NO
VG0042,Safal Frozen Green Peas 500 g,YES,NO,other,,44,44,0,,0,,,"<p>1 KG</p>
",,,,,NO
TC0005,Brook Bond Red Label Tea 500g,YES,NO,other,,290,335,0,,0,,,"<p>1 Kg</p>
",,,,,NO
BK0005, Velvet Love,YES,NO,other,,799,250,0,,0,,,"<p>500 ml</p>
",,,,,NO
MD0006,Classic curd,YES,NO,other,,20,40,0,,0,,,"<p>250 g</p>
",,,,,NO
OM0039,Three Mango Pickle Mirch Powder 500 g,YES,NO,other,,305,100,0,,0,,,"<p>50g</p>
",,,,,NO
KR0039,Kabuli Channa,YES,NO,other,,51,51,0,,0,,,"<p>500 g</p>
",,,,,NO
MD0008, Soya Chaap ,YES,NO,other,,120,120,0,,0,,,"<p>1Kg</p>
",,,,,NO
OM0040,Good life  Fennel Seeds  500g,YES,NO,other,,38,30,0,,0,,,"<p>10g</p>
",,,,,NO
OM0041,Soyabean oil,YES,NO,other,,99,99,0,,0,,,"<p>1 L</p>
",,,,,NO
SD0006,Mirinda orange 2.25L,YES,NO,other,,68,57,0,,0,,,"<p>1.5 L</p>
",,,,,NO
VG0046, Cluster Beans  500g,YES,NO,other,,25,40,0,,0,,,"<p>1Kg</p>
",,,,,NO
OM0042,good life Red Chilli Powder 100g,YES,NO,other,,32,90,0,,0,,,"<p>1Kg</p>
",,,,,NO
FR0021, Mango ,YES,NO,other,,100,100,0,,0,,,"<p>1 Kg</p>
",,,,,NO
KR0039, Millet Flour ,YES,NO,other,,70,70,0,,0,,,"<p>1/2Kg</p>
",,,,,NO
OM0043,Good Life Turmeric Powder 100 g,YES,NO,other,,20,27,0,,0,,,"<p>100 g</p>
",,,,,NO
OM0044,Siega Extra Virgin Olive Oil 1 L,YES,NO,other,,599,1366,0,,0,,,"<p>5 l</p>
",,,,,NO
FR0022,Pomegranate ,YES,NO,other,,155,155,0,,0,,,"<p>4 pcs</p>
",,,,,NO
TC0006,Tata Premium Tea,YES,NO,other,,319,319,0,,0,,,"<p>1 Kg Pouch</p>
",,,,,NO
FR0023,Banana ,YES,NO,other,,15,15,0,,0,,,"<p>500 g</p>
",,,,,NO
FR0024,Kinnow ,YES,NO,other,,90,90,0,,0,,,"<p>1Kg</p>
",,,,,NO
KR0040,Saffron ,YES,NO,other,,300,300,0,,0,,,"<p>50g</p>
",,,,,NO
OM0045, Rasam  Powder ,YES,NO,other,,100,100,0,,0,,,"<p>250g</p>
",,,,,NO
OM0047,Delicious Green Cardamom 20 g,YES,NO,other,,204,140,0,,0,,,"<p>100g</p>
",,,,,NO
BD0002,Britania white Bread,YES,NO,other,,25,25,0,,0,,,"<p>200 g</p>
",,,,,NO
OM0048,Good Life Jeera 200 g,YES,NO,other,,55,100,0,,0,,,"<p>50g</p>
",,,,,NO
VG0050,Best Farms Frozen Green Peas 500 g Pouch,YES,NO,other,,82,50,0,,0,,,"<p>1Kg</p>
",,,,,NO
OM0049,Good life Bay leaves 25g,YES,NO,other,,17,45,0,,0,,,"<p>250g</p>
",,,,,NO
KR0041,Good Life Jeera 500 g,YES,NO,other,,110,119,0,,0,,,"<p>500 g</p>
",,,,,NO
OM0050, Dried Ginger ,YES,NO,other,,100,100,0,,0,,,"<p>10g</p>
",,,,,NO
VG0051, Drumstick ,YES,NO,other,,60,60,0,,0,,,"<p>1Kg</p>
",,,,,NO
KR0042,Caraway Seeds ,YES,NO,other,,100,100,0,,0,,,"<p>10</p>
",,,,,NO
VG0052, Pahari Potato ,YES,NO,other,,40,40,0,,0,,,"<p>1kg</p>
",,,,,NO
KR0043,Methi seeds,YES,NO,other,,46,46,0,,0,,,"<p>100 g</p>
",,,,,NO
KR0044,Wheat Flour ,YES,NO,other,,252,252,0,,0,,,"<p>5 Kg</p>
",,,,,NO
KR0045,Good Life Raw Peanuts 500 g,YES,NO,other,,82,250,0,,0,,,"<p>1Kg</p>
",,,,,NO
JC0008,B Natural Guava Juice,YES,NO,other,,77,77,0,,0,,,"<p>1 L</p>
",,,,,NO
FR0025,B Natural Litchi Juice 1 L,YES,NO,other,,55,120,0,,0,,,"<p>1Kg</p>
",,,,,NO
VG0053,Beetroot ,YES,NO,other,,6,6,0,,0,,,"<p>250 g</p>
",,,,,NO
VG0054,24 Mantra Organic Fenugreek 100 g,YES,NO,other,,35,40,0,,0,,,"<p>1 Kg</p>
",,,,,NO
VG0055,Cucumber ,YES,NO,other,,24,24,0,,0,,,"<p>1KG</p>
",,,,,NO
KR0046, Tata Salt ,YES,NO,other,,18,18,0,,0,,,"<p>1 kg</p>
",,,,,NO
KR0047,Aashirvaad Atta,YES,NO,other,,405,405,0,,0,,,"<p>10 kg</p>
",,,,,NO
FR0026, Desi Corn ,YES,NO,other,,10,10,0,,0,,,"<p>1 Piace</p>
",,,,,NO
OM0051,Sunflower oil,YES,NO,other,,80,80,0,,0,,,"<p>1 L</p>
",,,,,NO
KR0048, Puffed Rice ,YES,NO,other,,50,50,0,,0,,,"<p>1Kg</p>
",,,,,NO
OM0052,Garam Masala ,YES,NO,other,,75,60,0,,0,,,"<p>100g</p>
",,,,,NO
OM0053,Best farma Mace ,YES,NO,other,,115,100,0,,0,,,"<p>100g</p>
",,,,,NO
TC0007,BRU Gold Instant Coffee,YES,NO,other,,143,143,0,,0,,,"<p>50 g</p>
",,,,,NO
VG0056, Small Eggplant  500g,YES,NO,other,,10,30,0,,0,,,"<p>1Kg</p>
",,,,,NO
BK0006,Fruit N Nut Amul Ice Cream,YES,NO,other,,30,30,0,,0,,,"<p>125 ml</p>
",,,,,NO
VG0058/, Sweet Potato,YES,NO,other,,40,40,0,,0,,,"<p>1Kg</p>
",,,,,NO
TC0008,Aarambh Kadak Tea 250 g,YES,NO,other,,52,193,0,,0,,,"<p>1 Kg Pouch</p>
",,,,,NO
VG0059,MTR Ready To Eat Palak Paneer 300 g,YES,NO,other,,130,20,0,,0,,,"<p>500 gm</p>
",,,,,NO
MD0009,Kissan Mixed Fruit Jam 500 g,YES,NO,other,,144,75,0,,0,,,"<p>500 g</p>
",,,,,NO
SD0008,Fanta Orange 1.75L,YES,NO,other,,68,50,0,,0,,,"<p>1 L</p>
",,,,,NO
JC0009,Real Active Apple Juice 1L,YES,NO,other,,90,100,0,,0,,,"<p>1 L</p>
",,,,,NO
OM0056,Delicious Cloves 20 g,YES,NO,other,,58,100,0,,0,,,"<p>100g</p>
",,,,,NO
BD0003,Harvest White Bread,YES,NO,other,,30,30,0,,0,,,"<p>200 g</p>
",,,,,NO
SD0009,Pepsi 2L,YES,NO,other,,60,60,0,,0,,,"<p>1 L</p>
",,,,,NO
OM0058,LG Compounded Hing 100 g,YES,NO,other,,140,59,0,,0,,,"<p>50 g</p>
",,,,,NO
OM0059,Pro Nature 100% Organic Mustard Seeds 200 g,YES,NO,other,,45,100,0,,0,,,"<p>200g</p>
",,,,,NO
TC0009,Nescafe Classic Instant Coffee Powder 25 g,YES,NO,other,,72,261,0,,0,,,"<p>50 g</p>
",,,,,NO
OM0060,Delicious Cassia Bark 50 g,YES,NO,other,,108,150,0,,0,,,"<p>100g</p>
",,,,,NO
OM0061,Everest Super Sambhar Masala 100 g,YES,NO,other,,45,53,0,,0,,,"<p>100 g</p>
",,,,,NO
OM0062,Pro Nature 100% Organic White Sesame 200 g,YES,NO,other,,116,100,0,,0,,,"<p>100g</p>
",,,,,NO
FR0033, Gooseberry ,YES,NO,other,,100,100,0,,0,,,"<p>1/2Kg</p>
",,,,,NO
MD0012, Amul Butter  500g,YES,NO,other,,225,220,0,,0,,,"<p>500 g</p>
",,,,,NO
KR0056,Maida 1kg,YES,NO,other,,37,37,0,,0,,,"<p>1 Kg</p>
",,,,,NO
VR0070,French beans -500g,YES,NO,other,,25,25,0,,0,,,"<p>1Kg</p>
",,,,,NO
KR0057, MTR  Instant Vermicelli ,YES,NO,other,,100,100,0,,0,,,"<p>1Kg</p>
",,,,,NO
JC0010,Real Fruit Orange Juice,YES,NO,other,,85,85,0,,0,,,"<p>1 L</p>
",,,,,NO
BK0008,Amul Chocolate Brownie,YES,NO,other,,200,200,0,,0,,,"<p>1 L Tub</p>
",,,,,NO
